ID,level,drift,input_noise,N_fixations,N_saccades,done,run,SoC,crashed,N_prior_crashs,trials_since_last_crash,crashed_in_last_trial,consecutive_crash_success,N_consecutive_crash_success
AE07EM1,3,F,N,84.0,50.0,True,00,7.0,0,0,1,0,0,0
AE07EM1,1,T,S,74.0,35.0,True,01,6.0,0,0,2,0,0,0
AE07EM1,6,F,N,184.0,58.0,True,02,5.0,0,0,3,0,0,0
AE07EM1,1,T,N,77.0,43.0,True,03,6.0,0,0,4,0,0,0
AE07EM1,4,F,W,148.0,114.0,True,04,6.0,0,0,5,0,0,0
AE07EM1,6,T,N,112.0,38.0,False,05,4.0,1,0,0,0,0,0
AE07EM1,4,T,N,61.0,33.0,False,06,5.0,1,1,1,1,0,0
AE07EM1,6,T,S,115.0,29.0,False,07,3.0,1,2,2,1,0,0
AE07EM1,6,F,S,144.0,35.0,True,08,6.0,0,3,1,1,1,1
AE07EM1,3,T,N,64.0,29.0,True,09,6.0,0,3,2,0,0,1
AE07EM1,5,F,W,59.0,26.0,True,10,6.0,0,3,3,0,0,1
AE07EM1,5,F,S,69.0,28.0,True,11,6.0,0,3,4,0,0,1
AE07EM1,6,T,W,119.0,37.0,False,12,4.0,1,3,0,0,0,1
AE07EM1,1,T,W,70.0,32.0,True,13,6.0,0,4,1,1,1,2
AE07EM1,4,T,N,176.0,65.0,True,14,5.0,0,4,2,0,0,2
AE07EM1,3,T,W,78.0,39.0,True,15,6.0,0,4,3,0,0,2
AE07EM1,3,F,W,60.0,32.0,True,16,7.0,0,4,4,0,0,2
AE07EM1,1,F,S,67.0,33.0,True,17,7.0,0,4,5,0,0,2
AE07EM1,5,F,N,65.0,23.0,True,18,6.0,0,4,6,0,0,2
AE07EM1,3,F,S,14.0,15.0,False,19,6.0,1,4,0,0,0,2
AE07EM1,1,F,N,60.0,33.0,True,20,7.0,0,5,1,1,1,3
AE07EM1,5,T,S,28.0,14.0,False,21,5.0,1,5,0,0,0,3
AE07EM1,2,T,S,144.0,68.0,True,22,7.0,0,6,1,1,1,4
AE07EM1,2,T,W,146.0,79.0,True,23,6.0,0,6,2,0,0,4
AE07EM1,6,T,S,30.0,14.0,False,24,4.0,1,6,0,0,0,4
AE07EM1,6,T,S,119.0,31.0,False,25,4.0,1,7,1,1,0,4
AE07EM1,4,F,S,121.0,50.0,True,26,6.0,0,8,1,1,1,5
AE07EM1,5,T,S,28.0,13.0,False,27,4.0,1,8,0,0,0,5
AE07EM1,1,F,W,63.0,27.0,True,28,7.0,0,9,1,1,1,6
AE07EM1,5,T,S,23.0,11.0,False,29,5.0,1,9,0,0,0,6
AE07EM1,2,F,N,134.0,68.0,True,30,7.0,0,10,1,1,1,7
AE07EM1,5,T,N,52.0,21.0,False,31,5.0,1,10,0,0,0,7
AE07EM1,5,T,W,40.0,14.0,False,32,4.0,1,11,1,1,0,7
AE07EM1,4,T,S,135.0,57.0,True,33,6.0,0,12,1,1,1,8
AE07EM1,3,F,S,68.0,36.0,True,34,7.0,0,12,2,0,0,8
AE07EM1,5,T,N,19.0,12.0,False,35,4.0,1,12,0,0,0,8
AE07EM1,2,F,W,136.0,72.0,True,36,7.0,0,13,1,1,1,9
AE07EM1,6,F,W,138.0,42.0,True,37,6.0,0,13,2,0,0,9
AE07EM1,6,T,N,73.0,18.0,False,38,5.0,1,13,0,0,0,9
AE07EM1,5,T,W,24.0,8.0,False,39,5.0,1,14,1,1,0,9
AE07EM1,5,T,W,20.0,11.0,False,40,6.0,1,15,2,1,0,9
AE07EM1,5,T,N,38.0,15.0,False,41,5.0,1,16,3,1,0,9
AE07EM1,6,T,N,90.0,28.0,False,42,3.0,1,17,4,1,0,9
AE07EM1,2,F,S,128.0,75.0,True,43,6.0,0,18,1,1,1,10
AE07EM1,6,T,W,100.0,30.0,False,44,3.0,1,18,0,0,0,10
AE07EM1,3,T,S,22.0,13.0,False,45,4.0,1,19,1,1,0,10
AE07EM1,4,T,W,133.0,46.0,True,46,6.0,0,20,1,1,1,11
AE07EM1,4,F,N,131.0,56.0,True,47,7.0,0,20,2,0,0,11
AE07EM1,2,T,N,133.0,64.0,True,48,6.0,0,20,3,0,0,11
AE07EM1,3,T,S,29.0,26.0,False,49,4.0,1,20,0,0,0,11
AE07EM1,6,T,W,105.0,44.0,False,50,4.0,1,21,1,1,0,11
AE07EM1,3,T,S,71.0,29.0,True,51,6.0,0,22,1,1,1,12
AG11ER1,3,T,N,64.0,53.0,True,00,6.0,0,0,2,0,0,0
AG11ER1,3,F,N,38.0,33.0,True,01,7.0,0,0,3,0,0,0
AG11ER1,6,F,N,100.0,60.0,True,02,7.0,0,0,4,0,0,0
AG11ER1,1,T,W,46.0,49.0,True,03,6.0,0,0,5,0,0,0
AG11ER1,5,T,W,22.0,15.0,False,04,4.0,1,0,0,0,0,0
AG11ER1,3,T,W,50.0,28.0,True,05,6.0,0,1,1,1,1,1
AG11ER1,5,F,N,43.0,18.0,False,06,5.0,1,1,0,0,0,1
AG11ER1,1,T,S,34.0,26.0,False,07,5.0,1,2,1,1,0,1
AG11ER1,5,T,S,25.0,25.0,False,08,2.0,1,3,2,1,0,1
AG11ER1,3,F,W,51.0,31.0,True,09,7.0,0,4,1,1,1,2
AG11ER1,2,F,W,80.0,63.0,True,10,7.0,0,4,2,0,0,2
AG11ER1,2,T,W,79.0,52.0,True,11,5.0,0,4,3,0,0,2
AG11ER1,5,T,W,38.0,16.0,False,12,3.0,1,4,0,0,0,2
AG11ER1,4,F,N,94.0,41.0,True,13,6.0,0,5,1,1,1,3
AG11ER1,2,F,S,98.0,48.0,True,14,7.0,0,5,2,0,0,3
AG11ER1,2,F,N,82.0,55.0,True,15,7.0,0,5,3,0,0,3
AG11ER1,6,F,S,85.0,32.0,True,16,5.0,0,5,4,0,0,3
AG11ER1,4,T,N,101.0,40.0,False,17,5.0,1,5,0,0,0,3
AG11ER1,4,F,S,97.0,59.0,True,18,6.0,0,6,1,1,1,4
AG11ER1,6,F,W,97.0,44.0,True,19,5.0,0,6,2,0,0,4
AG11ER1,2,T,N,95.0,59.0,True,20,6.0,0,6,3,0,0,4
AG11ER1,1,F,S,52.0,31.0,True,21,7.0,0,6,4,0,0,4
AG11ER1,1,F,N,48.0,33.0,True,22,7.0,0,6,5,0,0,4
AG11ER1,4,T,W,109.0,50.0,True,23,5.0,0,6,6,0,0,4
AG11ER1,5,T,N,43.0,32.0,False,24,3.0,1,6,0,0,0,4
AG11ER1,3,F,S,38.0,21.0,True,25,6.0,0,7,1,1,1,5
AG11ER1,4,T,N,103.0,54.0,True,26,5.0,0,7,2,0,0,5
AG11ER1,1,F,W,46.0,22.0,True,27,7.0,0,7,3,0,0,5
AG11ER1,1,T,S,39.0,20.0,True,28,6.0,0,7,4,0,0,5
AG11ER1,6,T,S,31.0,18.0,False,29,2.0,1,7,0,0,0,5
AG11ER1,5,T,S,46.0,18.0,True,30,3.0,0,8,1,1,1,6
AG11ER1,5,F,S,50.0,30.0,True,31,5.0,0,8,2,0,0,6
AG11ER1,6,T,S,36.0,39.0,False,32,4.0,1,8,0,0,0,6
AG11ER1,6,T,S,36.0,29.0,False,33,4.0,1,9,1,1,0,6
AG11ER1,5,T,N,50.0,25.0,True,34,3.0,0,10,1,1,1,7
AG11ER1,5,F,N,40.0,24.0,True,35,6.0,0,10,2,0,0,7
AG11ER1,6,T,W,30.0,18.0,False,36,3.0,1,10,0,0,0,7
AG11ER1,5,T,W,45.0,21.0,True,37,3.0,0,11,1,1,1,8
AG11ER1,2,T,S,94.0,61.0,True,38,5.0,0,11,2,0,0,8
AG11ER1,4,F,W,92.0,50.0,True,39,6.0,0,11,3,0,0,8
AG11ER1,5,F,W,52.0,27.0,True,40,5.0,0,11,4,0,0,8
AG11ER1,6,T,W,35.0,19.0,False,41,3.0,1,11,0,0,0,8
AG11ER1,1,T,N,47.0,42.0,True,42,6.0,0,12,1,1,1,9
AG11ER1,6,T,W,35.0,21.0,False,43,3.0,1,12,0,0,0,9
AG11ER1,3,T,S,52.0,26.0,True,44,5.0,0,13,1,1,1,10
AG11ER1,6,T,N,37.0,24.0,False,45,3.0,1,13,0,0,0,10
AG11ER1,6,T,N,79.0,38.0,False,46,3.0,1,14,1,1,0,10
AG11ER1,6,T,N,99.0,62.0,True,47,3.0,0,15,1,1,1,11
AG11ER1,4,T,S,74.0,43.0,False,48,4.0,1,15,0,0,0,11
AG11ER1,4,T,S,47.0,35.0,False,49,4.0,1,16,1,1,0,11
AG11ER1,4,T,S,91.0,53.0,True,50,5.0,0,17,1,1,1,12
AM19EA1,2,F,N,192.0,140.0,True,00,7.0,0,0,2,0,0,0
AM19EA1,3,T,S,100.0,62.0,True,01,4.0,0,0,3,0,0,0
AM19EA1,4,T,N,182.0,110.0,True,02,4.0,0,0,4,0,0,0
AM19EA1,5,T,W,32.0,26.0,False,03,2.0,1,0,0,0,0,0
AM19EA1,2,F,W,187.0,87.0,True,04,7.0,0,1,1,1,1,1
AM19EA1,2,T,N,190.0,97.0,True,05,5.0,0,1,2,0,0,1
AM19EA1,4,F,N,180.0,95.0,True,06,6.0,0,1,3,0,0,1
AM19EA1,3,T,N,80.0,27.0,True,07,5.0,0,1,4,0,0,1
AM19EA1,6,T,S,97.0,155.0,False,08,3.0,1,1,0,0,0,1
AM19EA1,6,T,S,53.0,20.0,False,09,3.0,1,2,1,1,0,1
AM19EA1,4,F,S,179.0,69.0,True,10,6.0,0,3,1,1,1,2
AM19EA1,1,F,N,82.0,46.0,True,11,7.0,0,3,2,0,0,2
AM19EA1,6,F,N,159.0,75.0,True,12,7.0,0,3,3,0,0,2
AM19EA1,6,T,N,44.0,22.0,False,13,3.0,1,3,0,0,0,2
AM19EA1,1,F,S,81.0,40.0,True,14,7.0,0,4,1,1,1,3
AM19EA1,6,T,S,71.0,12.0,False,15,5.0,1,4,0,0,0,3
AM19EA1,4,T,W,76.0,53.0,False,16,3.0,1,5,1,1,0,3
AM19EA1,1,T,W,89.0,73.0,True,17,6.0,0,6,1,1,1,4
AM19EA1,1,T,N,89.0,52.0,True,18,7.0,0,6,2,0,0,4
AM19EA1,5,T,N,84.0,31.0,True,19,4.0,0,6,3,0,0,4
AM19EA1,4,F,W,172.0,59.0,True,20,6.0,0,6,4,0,0,4
AM19EA1,5,T,S,30.0,14.0,False,21,3.0,1,6,0,0,0,4
AM19EA1,4,T,W,78.0,26.0,False,22,2.0,1,7,1,1,0,4
AM19EA1,4,T,W,158.0,85.0,True,23,5.0,0,8,1,1,1,5
AM19EA1,1,F,W,82.0,49.0,True,24,7.0,0,8,2,0,0,5
AM19EA1,1,T,S,91.0,65.0,True,25,7.0,0,8,3,0,0,5
AM19EA1,5,F,S,65.0,30.0,True,26,6.0,0,8,4,0,0,5
AM19EA1,6,T,W,45.0,27.0,False,27,3.0,1,8,0,0,0,5
AM19EA1,3,F,N,73.0,31.0,True,28,7.0,0,9,1,1,1,6
AM19EA1,2,F,S,105.0,63.0,True,29,7.0,0,9,2,0,0,6
AM19EA1,5,T,W,33.0,17.0,False,30,4.0,1,9,0,0,0,6
AM19EA1,3,F,S,85.0,32.0,True,31,7.0,0,10,1,1,1,7
AM19EA1,5,T,S,33.0,11.0,False,32,4.0,1,10,0,0,0,7
AM19EA1,6,F,W,116.0,40.0,False,33,5.0,1,11,1,1,0,7
AM19EA1,6,T,N,56.0,15.0,False,34,4.0,1,12,2,1,0,7
AM19EA1,5,T,W,24.0,14.0,False,35,3.0,1,13,3,1,0,7
AM19EA1,4,T,S,147.0,43.0,True,36,6.0,0,14,1,1,1,8
AM19EA1,2,T,W,176.0,71.0,True,37,6.0,0,14,2,0,0,8
AM19EA1,6,F,W,149.0,61.0,True,38,7.0,0,14,3,0,0,8
AM19EA1,2,T,S,173.0,333.0,True,39,6.0,0,14,4,0,0,8
AM19EA1,5,F,N,135.0,81.0,True,40,6.0,0,14,5,0,0,8
AM19EA1,5,F,W,45.0,24.0,False,41,5.0,1,14,0,0,0,8
AM19EA1,5,T,S,29.0,23.0,False,42,4.0,1,15,1,1,0,8
AM19EA1,6,T,W,33.0,11.0,False,43,3.0,1,16,2,1,0,8
AM19EA1,6,T,N,40.0,18.0,False,44,4.0,1,17,3,1,0,8
AM19EA1,6,F,S,121.0,35.0,False,45,4.0,1,18,4,1,0,8
AM19EA1,3,T,W,83.0,28.0,True,46,6.0,0,19,1,1,1,9
AM19EA1,6,T,W,49.0,15.0,False,47,4.0,1,19,0,0,0,9
AM19EA1,3,F,W,39.0,24.0,False,48,4.0,1,20,1,1,0,9
AM19EA1,5,F,W,46.0,22.0,False,49,5.0,1,21,2,1,0,9
AM19EA1,3,F,W,40.0,22.0,False,50,2.0,1,22,3,1,0,9
AM19EA1,5,F,W,59.0,21.0,False,51,2.0,1,23,4,1,0,9
AM19EA1,6,F,S,162.0,74.0,True,52,6.0,0,24,1,1,1,10
AM19EA1,3,F,W,91.0,57.0,True,53,7.0,0,24,2,0,0,10
AN10HA1,6,T,N,54.0,23.0,False,00,3.0,1,0,0,0,0,0
AN10HA1,1,T,W,95.0,69.0,True,01,7.0,0,1,1,1,1,1
AN10HA1,3,F,S,52.0,65.0,True,02,6.0,0,1,2,0,0,1
AN10HA1,2,T,N,106.0,156.0,True,03,7.0,0,1,3,0,0,1
AN10HA1,5,T,N,71.0,83.0,True,04,5.0,0,1,4,0,0,1
AN10HA1,1,F,S,56.0,57.0,True,05,7.0,0,1,5,0,0,1
AN10HA1,6,F,S,33.0,46.0,False,06,3.0,1,1,0,0,0,1
AN10HA1,5,T,S,18.0,29.0,False,07,3.0,1,2,1,1,0,1
AN10HA1,4,F,N,135.0,152.0,True,08,7.0,0,3,1,1,1,2
AN10HA1,1,F,W,52.0,85.0,True,09,7.0,0,3,2,0,0,2
AN10HA1,6,F,N,100.0,113.0,False,10,6.0,1,3,0,0,0,2
AN10HA1,4,T,S,17.0,36.0,False,11,5.0,1,4,1,1,0,2
AN10HA1,1,T,S,77.0,86.0,True,12,7.0,0,5,1,1,1,3
AN10HA1,5,F,W,46.0,74.0,True,13,6.0,0,5,2,0,0,3
AN10HA1,3,F,N,41.0,81.0,True,14,7.0,0,5,3,0,0,3
AN10HA1,2,T,W,102.0,149.0,True,15,7.0,0,5,4,0,0,3
AN10HA1,4,F,S,35.0,45.0,False,16,5.0,1,5,0,0,0,3
AN10HA1,5,T,W,23.0,33.0,False,17,5.0,1,6,1,1,0,3
AN10HA1,4,T,N,87.0,116.0,True,18,6.0,0,7,1,1,1,4
AN10HA1,3,T,N,22.0,27.0,False,19,4.0,1,7,0,0,0,4
AN10HA1,6,F,W,104.0,151.0,True,20,6.0,0,8,1,1,1,5
AN10HA1,6,T,N,36.0,44.0,False,21,4.0,1,8,0,0,0,5
AN10HA1,4,F,S,138.0,205.0,True,22,6.0,0,9,1,1,1,6
AN10HA1,5,F,N,24.0,28.0,False,23,3.0,1,9,0,0,0,6
AN10HA1,6,T,S,24.0,25.0,False,24,4.0,1,10,1,1,0,6
AN10HA1,5,F,S,52.0,69.0,False,25,5.0,1,11,2,1,0,6
AN10HA1,3,T,W,60.0,108.0,True,26,6.0,0,12,1,1,1,7
AN10HA1,5,T,W,15.0,28.0,False,27,4.0,1,12,0,0,0,7
AN10HA1,1,T,N,43.0,76.0,True,28,6.0,0,13,1,1,1,8
AN10HA1,5,T,W,83.0,58.0,True,29,6.0,0,13,2,0,0,8
AN10HA1,2,T,S,65.0,97.0,False,30,5.0,1,13,0,0,0,8
AN10HA1,2,F,W,61.0,99.0,True,31,6.0,0,14,1,1,1,9
AN10HA1,5,F,S,46.0,59.0,True,32,6.0,0,14,2,0,0,9
AN10HA1,5,F,N,5.0,5.0,True,33,6.0,0,14,3,0,0,9
AN10HA1,4,F,W,61.0,20.0,True,34,6.0,0,14,4,0,0,9
AN10HA1,6,T,W,14.0,10.0,False,35,4.0,1,14,0,0,0,9
AN10HA1,2,F,N,114.0,158.0,True,36,6.0,0,15,1,1,1,10
AN10HA1,3,T,N,61.0,79.0,True,37,6.0,0,15,2,0,0,10
AN10HA1,6,F,N,34.0,6.0,True,38,6.0,0,15,3,0,0,10
AN10HA1,3,F,W,78.0,27.0,True,39,7.0,0,15,4,0,0,10
AN10HA1,6,F,S,97.0,157.0,True,40,7.0,0,15,5,0,0,10
AN10HA1,6,T,N,,,False,41,5.0,1,15,0,0,0,10
AN10HA1,2,F,S,,,True,42,6.0,0,16,1,1,1,11
AN10HA1,3,T,S,,,True,43,6.0,0,16,2,0,0,11
AN10HA1,4,T,S,136.0,149.0,False,44,5.0,1,16,0,0,0,11
AN10HA1,6,T,S,13.0,25.0,False,45,5.0,1,17,1,1,0,11
AN10HA1,5,T,S,10.0,14.0,False,46,4.0,1,18,2,1,0,11
AN10HA1,4,T,S,92.0,11.0,False,47,5.0,1,19,3,1,0,11
AN10HA1,5,T,S,18.0,28.0,False,48,4.0,1,20,4,1,0,11
AN10HA1,2,T,S,5.0,,True,49,6.0,0,21,1,1,1,12
AN10HA1,6,T,S,47.0,20.0,False,50,4.0,1,21,0,0,0,12
AN10HA1,6,T,W,30.0,35.0,False,51,5.0,1,22,1,1,0,12
AN10HA1,1,F,N,115.0,97.0,True,52,6.0,0,23,1,1,1,13
AN10HA1,4,T,W,64.0,61.0,False,53,5.0,1,23,0,0,0,13
AN10HA1,4,T,W,107.0,197.0,True,54,6.0,0,24,1,1,1,14
AN10HA1,6,T,W,24.0,39.0,False,55,5.0,1,24,0,0,0,14
AR02AA,1,T,N,155.0,75.0,True,00,7.0,0,0,1,1,1,1
AR02AA,1,F,N,106.0,76.0,True,01,7.0,0,0,2,0,0,1
AR02AA,5,T,N,63.0,24.0,False,02,3.0,1,0,0,0,0,1
AR02AA,5,T,N,57.0,25.0,False,03,2.0,1,1,1,1,0,1
AR02AA,5,T,N,27.0,34.0,False,04,1.0,1,2,2,1,0,1
AR02AA,2,T,W,231.0,154.0,True,05,7.0,0,3,1,1,1,2
AR02AA,2,T,S,21.0,9.0,False,06,1.0,1,3,0,0,0,2
AR02AA,3,T,S,141.0,63.0,True,07,7.0,0,4,1,1,1,3
AR02AA,3,F,S,86.0,79.0,True,08,7.0,0,4,2,0,0,3
AR02AA,6,F,W,456.0,132.0,True,09,7.0,0,4,3,0,0,3
AR02AA,2,F,S,504.0,927.0,True,10,7.0,0,4,4,0,0,3
AR02AA,5,T,S,5.0,278.0,False,11,1.0,1,4,0,0,0,3
AR02AA,5,T,S,25.0,14.0,False,12,1.0,1,5,1,1,0,3
AR02AA,3,T,W,102.0,52.0,True,13,7.0,0,6,1,1,1,4
AR02AA,4,F,S,463.0,178.0,True,14,6.0,0,6,2,0,0,4
AR02AA,1,T,S,215.0,89.0,True,15,7.0,0,6,3,0,0,4
AR02AA,1,T,W,104.0,403.0,True,16,7.0,0,6,4,0,0,4
AR02AA,2,F,N,229.0,165.0,True,17,7.0,0,6,5,0,0,4
AR02AA,6,F,N,611.0,298.0,True,18,7.0,0,6,6,0,0,4
AR02AA,5,F,N,42.0,28.0,False,19,2.0,1,6,0,0,0,4
AR02AA,2,T,N,393.0,134.0,True,20,7.0,0,7,1,1,1,5
AR02AA,1,F,W,101.0,70.0,True,21,7.0,0,7,2,0,0,5
AR02AA,5,T,S,291.0,171.0,True,22,6.0,0,7,3,0,0,5
AR02AA,1,F,S,161.0,89.0,True,23,7.0,0,7,4,0,0,5
AR02AA,6,T,N,361.0,134.0,False,24,4.0,1,7,0,0,0,5
AR02AA,2,F,W,472.0,176.0,True,25,7.0,0,8,1,1,1,6
AR02AA,6,T,N,93.0,33.0,False,26,1.0,1,8,0,0,0,6
AR02AA,3,F,N,233.0,130.0,True,27,7.0,0,9,1,1,1,7
AR02AA,3,T,N,154.0,62.0,True,28,7.0,0,9,2,0,0,7
AR02AA,4,T,W,412.0,155.0,True,29,7.0,0,9,3,0,0,7
AR02AA,6,T,S,52.0,23.0,False,30,2.0,1,9,0,0,0,7
AR02AA,6,T,S,103.0,30.0,False,31,3.0,1,10,1,1,0,7
AR02AA,4,F,N,135.0,90.0,False,32,4.0,1,11,2,1,0,7
AR02AA,5,F,W,166.0,68.0,True,33,7.0,0,12,1,1,1,8
AR02AA,4,T,N,142.0,63.0,False,34,3.0,1,12,0,0,0,8
AR02AA,6,T,N,90.0,144.0,False,35,2.0,1,13,1,1,0,8
AR02AA,4,T,N,445.0,186.0,True,36,6.0,0,14,1,1,1,9
AR02AA,5,F,N,119.0,85.0,True,37,7.0,0,14,2,0,0,9
AR02AA,2,T,S,445.0,257.0,True,38,6.0,0,14,3,0,0,9
AR02AA,6,T,W,,27.0,False,39,3.0,1,14,0,0,0,9
AR02AA,6,F,S,103.0,22.0,False,40,3.0,1,15,1,1,0,9
AR02AA,3,F,W,85.0,96.0,True,41,7.0,0,16,1,1,1,10
AR02AA,6,T,W,51.0,23.0,False,42,6.0,1,16,0,0,0,10
AR02AA,5,F,S,120.0,84.0,True,43,7.0,0,17,1,1,1,11
AR02AA,5,T,W,28.0,24.0,False,44,3.0,1,17,0,0,0,11
AR02AA,6,T,W,73.0,39.0,False,45,4.0,1,18,1,1,0,11
AR02AA,4,F,W,418.0,163.0,True,46,7.0,0,19,1,1,1,12
AR02AA,6,F,S,306.0,106.0,False,47,5.0,1,19,0,0,0,12
AR02AA,5,T,W,30.0,19.0,False,48,2.0,1,20,1,1,0,12
AR02AA,6,F,S,551.0,189.0,True,49,7.0,0,21,1,1,1,13
AR02AA,6,T,S,47.0,45.0,False,50,2.0,1,21,0,0,0,13
AR02AA,4,F,N,364.0,263.0,True,51,7.0,0,22,1,1,1,14
AR02AA,4,T,S,139.0,64.0,False,52,4.0,1,22,0,0,0,14
AR02AA,4,T,S,143.0,127.0,False,53,3.0,1,23,1,1,0,14
AR02AA,5,T,W,31.0,33.0,False,54,1.0,1,24,2,1,0,14
AR02AA,4,T,S,177.0,109.0,False,55,2.0,1,25,3,1,0,14
AS01RH1,1,T,W,49.0,15.0,True,00,7.0,0,0,1,1,1,1
AS01RH1,6,F,N,107.0,9.0,True,01,6.0,0,0,2,0,0,1
AS01RH1,5,F,S,52.0,8.0,True,02,6.0,0,0,3,0,0,1
AS01RH1,5,F,N,39.0,15.0,False,03,3.0,1,0,0,0,0,1
AS01RH1,6,T,N,87.0,22.0,False,04,4.0,1,1,1,1,0,1
AS01RH1,3,T,S,65.0,8.0,True,05,6.0,0,2,1,1,1,2
AS01RH1,6,F,S,115.0,14.0,True,06,6.0,0,2,2,0,0,2
AS01RH1,3,F,W,52.0,17.0,True,07,7.0,0,2,3,0,0,2
AS01RH1,1,F,S,60.0,18.0,True,08,7.0,0,2,4,0,0,2
AS01RH1,2,T,W,97.0,21.0,True,09,7.0,0,2,5,0,0,2
AS01RH1,1,F,N,69.0,24.0,True,10,7.0,0,2,6,0,0,2
AS01RH1,2,F,N,99.0,26.0,True,11,7.0,0,2,7,0,0,2
AS01RH1,1,F,W,46.0,5.0,True,12,7.0,0,2,8,0,0,2
AS01RH1,5,T,N,23.0,10.0,False,13,2.0,1,2,0,0,0,2
AS01RH1,3,F,S,62.0,8.0,True,14,7.0,0,3,1,1,1,3
AS01RH1,6,T,N,127.0,12.0,False,15,3.0,1,3,0,0,0,3
AS01RH1,6,F,W,89.0,17.0,False,16,5.0,1,4,1,1,0,3
AS01RH1,3,F,N,37.0,5.0,True,17,7.0,0,5,1,1,1,4
AS01RH1,5,F,N,48.0,10.0,True,18,7.0,0,5,2,0,0,4
AS01RH1,3,T,N,43.0,18.0,True,19,7.0,0,5,3,0,0,4
AS01RH1,5,T,N,16.0,6.0,False,20,3.0,1,5,0,0,0,4
AS01RH1,4,F,N,105.0,23.0,True,21,7.0,0,6,1,1,1,5
AS01RH1,4,T,W,55.0,14.0,False,22,6.0,1,6,0,0,0,5
AS01RH1,6,F,W,104.0,5.0,True,23,7.0,0,7,1,1,1,6
AS01RH1,4,T,S,36.0,6.0,False,24,5.0,1,7,0,0,0,6
AS01RH1,1,T,S,35.0,9.0,True,25,6.0,0,8,1,1,1,7
AS01RH1,4,F,S,99.0,22.0,True,26,7.0,0,8,2,0,0,7
AS01RH1,6,T,W,83.0,7.0,True,27,5.0,0,8,3,0,0,7
AS01RH1,3,T,W,56.0,11.0,True,28,7.0,0,8,4,0,0,7
AS01RH1,2,T,S,69.0,17.0,True,29,7.0,0,8,5,0,0,7
AS01RH1,4,T,W,96.0,10.0,True,30,7.0,0,8,6,0,0,7
AS01RH1,5,T,N,57.0,8.0,True,31,7.0,0,8,7,0,0,7
AS01RH1,6,T,N,28.0,9.0,False,32,5.0,1,8,0,0,0,7
AS01RH1,5,T,W,24.0,5.0,False,33,4.0,1,9,1,1,0,7
AS01RH1,6,T,S,33.0,12.0,False,34,3.0,1,10,2,1,0,7
AS01RH1,2,T,N,77.0,12.0,True,35,7.0,0,11,1,1,1,8
AS01RH1,4,T,N,95.0,16.0,True,36,7.0,0,11,2,0,0,8
AS01RH1,1,T,N,33.0,6.0,True,37,7.0,0,11,3,0,0,8
AS01RH1,4,F,W,62.0,21.0,True,38,7.0,0,11,4,0,0,8
AS01RH1,4,T,S,36.0,4.0,False,39,5.0,1,11,0,0,0,8
AS01RH1,2,F,S,83.0,12.0,True,40,7.0,0,12,1,1,1,9
AS01RH1,5,T,W,24.0,13.0,False,41,5.0,1,12,0,0,0,9
AS01RH1,2,F,W,100.0,10.0,True,42,7.0,0,13,1,1,1,10
AS01RH1,5,F,W,51.0,4.0,True,43,7.0,0,13,2,0,0,10
AS01RH1,4,T,S,37.0,2.0,False,44,4.0,1,13,0,0,0,10
AS01RH1,5,T,W,21.0,6.0,False,45,2.0,1,14,1,1,0,10
AS01RH1,5,T,S,67.0,6.0,True,46,5.0,0,15,1,1,1,11
AS01RH1,6,T,S,46.0,7.0,False,47,5.0,1,15,0,0,0,11
AS01RH1,6,T,S,26.0,7.0,False,48,4.0,1,16,1,1,0,11
EH08OI1,5,F,W,45.0,28.0,True,00,7.0,0,0,1,1,1,1
EH08OI1,6,T,S,19.0,12.0,False,01,3.0,1,0,0,0,0,1
EH08OI1,3,T,S,22.0,11.0,False,02,1.0,1,1,1,1,0,1
EH08OI1,5,T,W,37.0,27.0,False,03,3.0,1,2,2,1,0,1
EH08OI1,5,T,S,72.0,26.0,False,04,2.0,1,3,3,1,0,1
EH08OI1,2,F,S,73.0,39.0,True,05,6.0,0,4,1,1,1,2
EH08OI1,4,F,N,88.0,30.0,True,06,7.0,0,4,2,0,0,2
EH08OI1,5,F,N,42.0,34.0,True,07,7.0,0,4,3,0,0,2
EH08OI1,2,T,N,83.0,38.0,True,08,6.0,0,4,4,0,0,2
EH08OI1,4,T,S,33.0,22.0,False,09,3.0,1,4,0,0,0,2
EH08OI1,4,F,W,89.0,31.0,True,10,7.0,0,5,1,1,1,3
EH08OI1,3,F,S,48.0,25.0,True,11,5.0,0,5,2,0,0,3
EH08OI1,6,F,W,92.0,33.0,True,12,7.0,0,5,3,0,0,3
EH08OI1,5,T,S,25.0,16.0,False,13,3.0,1,5,0,0,0,3
EH08OI1,3,F,W,52.0,34.0,True,14,7.0,0,6,1,1,1,4
EH08OI1,5,T,W,28.0,21.0,False,15,6.0,1,6,0,0,0,4
EH08OI1,2,T,S,85.0,57.0,True,16,6.0,0,7,1,1,1,5
EH08OI1,3,F,N,45.0,21.0,True,17,6.0,0,7,2,0,0,5
EH08OI1,4,F,S,92.0,61.0,True,18,7.0,0,7,3,0,0,5
EH08OI1,6,T,N,51.0,38.0,False,19,5.0,1,7,0,0,0,5
EH08OI1,6,F,S,60.0,38.0,False,20,2.0,1,8,1,1,0,5
EH08OI1,5,T,S,29.0,22.0,False,21,2.0,1,9,2,1,0,5
EH08OI1,4,T,S,74.0,90.0,False,22,3.0,1,10,3,1,0,5
EH08OI1,5,F,S,39.0,22.0,True,23,6.0,0,11,1,1,1,6
EH08OI1,6,F,N,63.0,21.0,False,24,5.0,1,11,0,0,0,6
EH08OI1,4,T,N,76.0,40.0,True,25,7.0,0,12,1,1,1,7
EH08OI1,1,T,W,39.0,15.0,True,26,6.0,0,12,2,0,0,7
EH08OI1,1,F,N,45.0,23.0,True,27,6.0,0,12,3,0,0,7
EH08OI1,5,T,W,26.0,17.0,False,28,4.0,1,12,0,0,0,7
EH08OI1,6,F,S,45.0,31.0,False,29,6.0,1,13,1,1,0,7
EH08OI1,1,T,N,43.0,29.0,True,30,7.0,0,14,1,1,1,8
EH08OI1,2,F,N,76.0,47.0,True,31,7.0,0,14,2,0,0,8
EH08OI1,3,T,W,45.0,29.0,False,32,5.0,1,14,0,0,0,8
EH08OI1,1,F,W,46.0,26.0,True,33,7.0,0,15,1,1,1,9
EH08OI1,3,T,N,46.0,26.0,True,34,6.0,0,15,2,0,0,9
EH08OI1,6,F,S,22.0,17.0,False,35,4.0,1,15,0,0,0,9
EH08OI1,1,F,S,45.0,26.0,True,36,3.0,0,16,1,1,1,10
EH08OI1,2,F,W,83.0,47.0,True,37,5.0,0,16,2,0,0,10
EH08OI1,4,T,S,74.0,35.0,False,38,4.0,1,16,0,0,0,10
EH08OI1,6,T,W,41.0,23.0,False,39,5.0,1,17,1,1,0,10
EH08OI1,6,T,N,31.0,32.0,False,40,4.0,1,18,2,1,0,10
EH08OI1,6,F,N,25.0,24.0,False,41,4.0,1,19,3,1,0,10
EH08OI1,4,T,W,93.0,34.0,True,42,5.0,0,20,1,1,1,11
EH08OI1,2,T,W,71.0,56.0,True,43,6.0,0,20,2,0,0,11
EH08OI1,6,F,N,92.0,62.0,True,44,7.0,0,20,3,0,0,11
EH08OI1,6,T,W,20.0,17.0,False,45,5.0,1,20,0,0,0,11
EH08OI1,6,T,N,35.0,24.0,False,46,4.0,1,21,1,1,0,11
EH08OI1,5,T,N,19.0,20.0,False,47,4.0,1,22,2,1,0,11
EH08OI1,6,T,W,83.0,23.0,False,48,6.0,1,23,3,1,0,11
EH08OI1,1,T,S,45.0,19.0,True,49,6.0,0,24,1,1,1,12
EH08OI1,5,T,N,20.0,10.0,False,50,4.0,1,24,0,0,0,12
EH08OI1,5,T,N,43.0,21.0,True,51,5.0,0,25,1,1,1,13
EH08OI1,3,T,S,39.0,16.0,True,52,6.0,0,25,2,0,0,13
EH08OI1,6,T,S,49.0,34.0,False,53,4.0,1,25,0,0,0,13
EH08OI1,3,T,W,25.0,13.0,False,54,5.0,1,26,1,1,0,13
EH08OI1,6,T,S,50.0,41.0,False,55,4.0,1,27,2,1,0,13
EH08OI1,3,T,W,37.0,12.0,True,56,6.0,0,28,1,1,1,14
EI13RE1,3,F,N,68.0,9.0,True,00,6.0,0,0,2,0,0,0
EI13RE1,4,T,N,98.0,28.0,False,01,4.0,1,0,0,0,0,0
EI13RE1,6,T,N,44.0,28.0,False,02,4.0,1,1,1,1,0,0
EI13RE1,1,F,W,72.0,18.0,True,03,7.0,0,2,1,1,1,1
EI13RE1,3,T,N,67.0,16.0,True,04,6.0,0,2,2,0,0,1
EI13RE1,1,F,S,60.0,18.0,True,05,7.0,0,2,3,0,0,1
EI13RE1,4,F,S,124.0,25.0,True,06,5.0,0,2,4,0,0,1
EI13RE1,3,F,W,64.0,22.0,True,07,7.0,0,2,5,0,0,1
EI13RE1,4,T,N,110.0,22.0,False,08,5.0,1,2,0,0,0,1
EI13RE1,1,T,N,74.0,30.0,True,09,6.0,0,3,1,1,1,2
EI13RE1,6,F,N,139.0,24.0,True,10,5.0,0,3,2,0,0,2
EI13RE1,5,T,N,103.0,80.0,False,11,3.0,1,3,0,0,0,2
EI13RE1,4,T,W,144.0,38.0,True,12,3.0,0,4,1,1,1,3
EI13RE1,2,F,N,141.0,58.0,True,13,7.0,0,4,2,0,0,3
EI13RE1,1,T,S,61.0,23.0,True,14,7.0,0,4,3,0,0,3
EI13RE1,3,F,S,57.0,12.0,False,15,5.0,1,4,0,0,0,3
EI13RE1,5,T,W,31.0,12.0,False,16,2.0,1,5,1,1,0,3
EI13RE1,2,T,W,146.0,61.0,True,17,7.0,0,6,1,1,1,4
EI13RE1,2,F,W,143.0,36.0,True,18,7.0,0,6,2,0,0,4
EI13RE1,6,F,W,84.0,10.0,False,19,5.0,1,6,0,0,0,4
EI13RE1,3,F,S,102.0,18.0,True,20,7.0,0,7,1,1,1,5
EI13RE1,5,T,W,21.0,18.0,False,21,3.0,1,7,0,0,0,5
EI13RE1,5,T,S,56.0,15.0,False,22,4.0,1,8,1,1,0,5
EI13RE1,1,F,N,58.0,21.0,True,23,7.0,0,9,1,1,1,6
EI13RE1,6,T,N,65.0,15.0,False,24,5.0,1,9,0,0,0,6
EI13RE1,4,T,S,59.0,16.0,False,25,6.0,1,10,1,1,0,6
EI13RE1,5,F,S,42.0,6.0,False,26,5.0,1,11,2,1,0,6
EI13RE1,4,T,S,32.0,6.0,False,27,6.0,1,12,3,1,0,6
EI13RE1,6,F,W,73.0,8.0,False,28,5.0,1,13,4,1,0,6
EI13RE1,5,F,W,73.0,15.0,True,29,6.0,0,14,1,1,1,7
EI13RE1,4,T,N,193.0,50.0,True,30,7.0,0,14,2,0,0,7
EI13RE1,6,T,S,31.0,4.0,False,31,4.0,1,14,0,0,0,7
EI13RE1,6,T,W,17.0,9.0,False,32,4.0,1,15,1,1,0,7
EI13RE1,2,F,S,143.0,17.0,True,33,6.0,0,16,1,1,1,8
EI13RE1,2,T,S,279.0,254.0,True,34,6.0,0,16,2,0,0,8
EI13RE1,6,T,N,112.0,44.0,False,35,5.0,1,16,0,0,0,8
EI13RE1,2,T,N,213.0,44.0,True,36,6.0,0,17,1,1,1,9
EI13RE1,4,F,W,157.0,30.0,True,37,6.0,0,17,2,0,0,9
EI13RE1,6,T,W,80.0,21.0,False,38,5.0,1,17,0,0,0,9
EI13RE1,5,F,N,23.0,12.0,False,39,6.0,1,18,1,1,0,9
EI13RE1,6,F,W,89.0,15.0,False,40,6.0,1,19,2,1,0,9
EI13RE1,5,T,W,19.0,11.0,False,41,4.0,1,20,3,1,0,9
EI13RE1,5,F,S,49.0,65.0,False,42,2.0,1,21,4,1,0,9
EI13RE1,6,T,S,39.0,6.0,False,43,5.0,1,22,5,1,0,9
EI13RE1,6,T,S,57.0,15.0,False,44,3.0,1,23,6,1,0,9
EI13RE1,4,T,S,160.0,100.0,False,45,5.0,1,24,7,1,0,9
EI13RE1,4,F,N,105.0,44.0,False,46,3.0,1,25,8,1,0,9
EI13RE1,5,T,N,31.0,10.0,False,47,3.0,1,26,9,1,0,9
EI13RE1,5,T,N,27.0,7.0,False,48,4.0,1,27,10,1,0,9
EI13RE1,3,T,W,71.0,18.0,True,49,6.0,0,28,1,1,1,10
EI13RE1,5,F,N,68.0,18.0,True,50,5.0,0,28,2,0,0,10
EI13RE1,5,F,S,71.0,40.0,False,51,3.0,1,28,0,0,0,10
EI13RE1,3,T,S,21.0,2.0,False,52,4.0,1,29,1,1,0,10
EI13RE1,1,T,W,80.0,14.0,True,53,6.0,0,30,1,1,1,11
EI13RE1,6,F,S,210.0,24.0,False,54,2.0,1,30,0,0,0,11
EI13RE1,6,F,S,108.0,11.0,True,55,4.0,0,31,1,1,1,12
EI13RE1,4,F,N,101.0,26.0,False,56,6.0,1,31,0,0,0,12
EI13RE1,3,T,S,75.0,9.0,True,57,4.0,0,32,1,1,1,13
EI13RE1,5,T,S,19.0,7.0,False,58,2.0,1,32,0,0,0,13
EI13RE1,4,F,N,67.0,5.0,False,59,6.0,1,33,1,1,0,13
EI13RE1,6,T,W,253.0,157.0,False,60,5.0,1,34,2,1,0,13
EI13RE1,5,T,S,23.0,13.0,False,61,2.0,1,35,3,1,0,13
EL10RM1,4,T,S,129.0,37.0,True,00,6.0,0,0,1,1,1,1
EL10RM1,5,F,W,77.0,34.0,True,01,7.0,0,0,2,0,0,1
EL10RM1,5,T,S,41.0,22.0,False,02,2.0,1,0,0,0,0,1
EL10RM1,2,F,S,109.0,39.0,True,03,7.0,0,1,1,1,1,2
EL10RM1,1,F,S,46.0,23.0,True,04,7.0,0,1,2,0,0,2
EL10RM1,4,F,W,159.0,225.0,True,05,6.0,0,1,3,0,0,2
EL10RM1,1,F,W,42.0,14.0,True,06,7.0,0,1,4,0,0,2
EL10RM1,3,F,S,61.0,22.0,True,07,6.0,0,1,5,0,0,2
EL10RM1,6,T,W,26.0,7.0,False,08,2.0,1,1,0,0,0,2
EL10RM1,3,T,N,24.0,7.0,False,09,1.0,1,2,1,1,0,2
EL10RM1,1,T,S,51.0,19.0,True,10,6.0,0,3,1,1,1,3
EL10RM1,3,F,W,48.0,22.0,True,11,6.0,0,3,2,0,0,3
EL10RM1,1,T,N,42.0,11.0,True,12,6.0,0,3,3,0,0,3
EL10RM1,2,T,W,86.0,31.0,True,13,6.0,0,3,4,0,0,3
EL10RM1,3,F,N,62.0,19.0,True,14,6.0,0,3,5,0,0,3
EL10RM1,5,T,S,12.0,5.0,False,15,6.0,1,3,0,0,0,3
EL10RM1,6,T,W,27.0,7.0,False,16,4.0,1,4,1,1,0,3
EL10RM1,6,T,S,30.0,11.0,False,17,2.0,1,5,2,1,0,3
EL10RM1,5,F,N,60.0,21.0,True,18,6.0,0,6,1,1,1,4
EL10RM1,5,T,S,27.0,3.0,False,19,3.0,1,6,0,0,0,4
EL10RM1,3,T,W,70.0,15.0,True,20,5.0,0,7,1,1,1,5
EL10RM1,2,T,S,83.0,22.0,True,21,5.0,0,7,2,0,0,5
EL10RM1,3,T,S,23.0,9.0,False,22,3.0,1,7,0,0,0,5
EL10RM1,6,F,S,80.0,19.0,False,23,5.0,1,8,1,1,0,5
EL10RM1,4,F,S,110.0,27.0,True,24,6.0,0,9,1,1,1,6
EL10RM1,4,T,W,94.0,18.0,True,25,6.0,0,9,2,0,0,6
EL10RM1,5,F,S,43.0,9.0,False,26,3.0,1,9,0,0,0,6
EL10RM1,4,T,N,41.0,13.0,False,27,3.0,1,10,1,1,0,6
EL10RM1,5,F,S,45.0,11.0,True,28,5.0,0,11,1,1,1,7
EL10RM1,6,T,S,17.0,6.0,False,29,2.0,1,11,0,0,0,7
EL10RM1,6,F,W,28.0,4.0,False,30,3.0,1,12,1,1,0,7
EL10RM1,5,T,N,19.0,12.0,False,31,3.0,1,13,2,1,0,7
EL10RM1,6,F,N,30.0,9.0,False,32,4.0,1,14,3,1,0,7
EL10RM1,4,F,N,74.0,21.0,False,33,3.0,1,15,4,1,0,7
EL10RM1,1,T,W,44.0,11.0,True,34,6.0,0,16,1,1,1,8
EL10RM1,4,F,N,43.0,1032.0,True,35,5.0,0,16,2,0,0,8
EL10RM1,6,T,N,50.0,13.0,False,36,4.0,1,16,0,0,0,8
EL10RM1,3,T,S,42.0,9.0,True,37,5.0,0,17,1,1,1,9
EL10RM1,6,T,N,29.0,9.0,False,38,2.0,1,17,0,0,0,9
EL10RM1,5,T,N,18.0,16.0,False,39,2.0,1,18,1,1,0,9
EL10RM1,2,F,N,84.0,22.0,True,40,5.0,0,19,1,1,1,10
EL10RM1,2,F,W,19.0,10.0,False,41,4.0,1,19,0,0,0,10
EL10RM1,6,F,S,60.0,16.0,False,42,4.0,1,20,1,1,0,10
EL10RM1,6,F,W,47.0,36.0,False,43,3.0,1,21,2,1,0,10
EL10RM1,6,T,W,12.0,5.0,False,44,2.0,1,22,3,1,0,10
EL10RM1,6,F,W,102.0,23.0,True,45,5.0,0,23,1,1,1,11
EL10RM1,1,F,N,362.0,76.0,True,46,5.0,0,23,2,0,0,11
EL10RM1,6,F,S,5.0,6.0,False,47,5.0,1,23,0,0,0,11
EL10RM1,3,T,N,19.0,9.0,False,48,3.0,1,24,1,1,0,11
EL10RM1,6,T,S,20.0,6.0,False,49,4.0,1,25,2,1,0,11
EL10RM1,5,T,N,50.0,9.0,True,50,5.0,0,26,1,1,1,12
EL10RM1,2,F,W,79.0,14.0,True,51,5.0,0,26,2,0,0,12
EL10RM1,5,T,W,28.0,9.0,False,52,2.0,1,26,0,0,0,12
EL10RM1,4,T,N,47.0,9.0,False,53,3.0,1,27,1,1,0,12
EL10RM1,6,F,N,20.0,18.0,False,54,5.0,1,28,2,1,0,12
EL10RM1,6,F,N,56.0,16.0,False,55,5.0,1,29,3,1,0,12
EL10RM1,2,T,N,94.0,19.0,True,56,5.0,0,30,1,1,1,13
EL10RM1,6,T,N,65.0,15.0,False,57,5.0,1,30,0,0,0,13
EL10RM1,3,T,N,364.0,51.0,True,58,6.0,0,31,1,1,1,14
EL10RM1,5,T,W,13.0,13.0,False,59,4.0,1,31,0,0,0,14
EL10RM1,5,T,W,13.0,12.0,False,60,3.0,1,32,1,1,0,14
EL10RM1,4,T,N,19.0,6.0,False,61,3.0,1,33,2,1,0,14
EU29TT1,5,F,S,61.0,12.0,True,00,6.0,0,0,1,1,1,1
EU29TT1,5,T,S,55.0,15.0,False,01,3.0,1,0,0,0,0,1
EU29TT1,4,F,N,66.0,16.0,False,02,7.0,1,1,1,1,0,1
EU29TT1,4,T,N,103.0,24.0,True,03,6.0,0,2,1,1,1,2
EU29TT1,4,T,S,55.0,12.0,False,04,5.0,1,2,0,0,0,2
EU29TT1,6,F,W,68.0,13.0,False,05,6.0,1,3,1,1,0,2
EU29TT1,5,T,N,36.0,18.0,False,06,3.0,1,4,2,1,0,2
EU29TT1,6,T,W,42.0,12.0,False,07,3.0,1,5,3,1,0,2
EU29TT1,2,F,N,99.0,22.0,True,08,7.0,0,6,1,1,1,3
EU29TT1,2,T,N,95.0,24.0,True,09,7.0,0,6,2,0,0,3
EU29TT1,1,F,N,48.0,16.0,True,10,7.0,0,6,3,0,0,3
EU29TT1,6,T,N,80.0,32.0,False,11,4.0,1,6,0,0,0,3
EU29TT1,1,F,W,48.0,20.0,True,12,7.0,0,7,1,1,1,4
EU29TT1,2,T,W,97.0,27.0,True,13,7.0,0,7,2,0,0,4
EU29TT1,2,F,S,91.0,43.0,True,14,7.0,0,7,3,0,0,4
EU29TT1,1,T,W,49.0,19.0,True,15,7.0,0,7,4,0,0,4
EU29TT1,3,F,N,57.0,16.0,True,16,6.0,0,7,5,0,0,4
EU29TT1,6,F,S,96.0,27.0,True,17,6.0,0,7,6,0,0,4
EU29TT1,1,F,S,43.0,13.0,True,18,7.0,0,7,7,0,0,4
EU29TT1,3,F,S,43.0,25.0,True,19,7.0,0,7,8,0,0,4
EU29TT1,6,T,S,41.0,11.0,False,20,4.0,1,7,0,0,0,4
EU29TT1,1,T,S,46.0,17.0,True,21,7.0,0,8,1,1,1,5
EU29TT1,6,T,W,20.0,7.0,False,22,4.0,1,8,0,0,0,5
EU29TT1,5,T,W,19.0,14.0,False,23,2.0,1,9,1,1,0,5
EU29TT1,2,T,S,87.0,23.0,True,24,7.0,0,10,1,1,1,6
EU29TT1,5,T,S,23.0,13.0,False,25,3.0,1,10,0,0,0,6
EU29TT1,6,F,N,101.0,27.0,True,26,7.0,0,11,1,1,1,7
EU29TT1,5,T,W,11.0,6.0,False,27,3.0,1,11,0,0,0,7
EU29TT1,5,T,N,15.0,7.0,False,28,1.0,1,12,1,1,0,7
EU29TT1,1,T,N,56.0,10.0,True,29,7.0,0,13,1,1,1,8
EU29TT1,3,T,S,45.0,17.0,True,30,7.0,0,13,2,0,0,8
EU29TT1,6,T,W,48.0,12.0,False,31,5.0,1,13,0,0,0,8
EU29TT1,6,T,S,13.0,5.0,False,32,4.0,1,14,1,1,0,8
EU29TT1,4,F,N,92.0,18.0,True,33,7.0,0,15,1,1,1,9
EU29TT1,4,T,S,83.0,13.0,True,34,6.0,0,15,2,0,0,9
EU29TT1,5,F,N,47.0,16.0,True,35,7.0,0,15,3,0,0,9
EU29TT1,4,T,W,40.0,10.0,False,36,5.0,1,15,0,0,0,9
EU29TT1,4,F,S,24.0,13.0,False,37,5.0,1,16,1,1,0,9
EU29TT1,3,F,W,40.0,14.0,True,38,7.0,0,17,1,1,1,10
EU29TT1,4,F,S,89.0,21.0,True,39,7.0,0,17,2,0,0,10
EU29TT1,4,F,W,83.0,27.0,True,40,7.0,0,17,3,0,0,10
EU29TT1,3,T,N,48.0,11.0,True,41,7.0,0,17,4,0,0,10
EU29TT1,5,F,W,43.0,12.0,True,42,7.0,0,17,5,0,0,10
EU29TT1,5,T,W,18.0,7.0,False,43,5.0,1,17,0,0,0,10
EU29TT1,5,T,N,29.0,12.0,False,44,5.0,1,18,1,1,0,10
EU29TT1,6,T,N,97.0,12.0,True,45,7.0,0,19,1,1,1,11
EU29TT1,6,F,W,93.0,27.0,True,46,7.0,0,19,2,0,0,11
EU29TT1,4,T,W,43.0,15.0,False,47,7.0,1,19,0,0,0,11
EU29TT1,5,T,S,18.0,6.0,False,48,4.0,1,20,1,1,0,11
EU29TT1,6,T,S,47.0,11.0,False,49,6.0,1,21,2,1,0,11
EU29TT1,3,T,W,38.0,6.0,True,50,7.0,0,22,1,1,1,12
EU29TT1,4,T,W,87.0,15.0,True,51,7.0,0,22,2,0,0,12
EU29TT1,2,F,W,87.0,23.0,True,52,7.0,0,22,3,0,0,12
FR04AN,5,T,N,42.0,8.0,False,00,4.0,1,0,0,0,0,0
FR04AN,6,F,S,150.0,33.0,True,01,5.0,0,1,1,1,1,1
FR04AN,2,T,N,134.0,45.0,True,02,7.0,0,1,2,0,0,1
FR04AN,4,T,W,145.0,74.0,True,03,7.0,0,1,3,0,0,1
FR04AN,5,F,W,70.0,14.0,True,04,6.0,0,1,4,0,0,1
FR04AN,4,T,N,122.0,64.0,True,05,7.0,0,1,5,0,0,1
FR04AN,1,F,W,58.0,14.0,True,06,7.0,0,1,6,0,0,1
FR04AN,6,F,W,116.0,23.0,True,07,6.0,0,1,7,0,0,1
FR04AN,5,T,S,75.0,15.0,True,08,3.0,0,1,8,0,0,1
FR04AN,2,F,S,115.0,29.0,True,09,7.0,0,1,9,0,0,1
FR04AN,5,F,N,59.0,17.0,True,10,7.0,0,1,10,0,0,1
FR04AN,1,T,W,59.0,14.0,True,11,7.0,0,1,11,0,0,1
FR04AN,3,F,W,57.0,18.0,True,12,6.0,0,1,12,0,0,1
FR04AN,2,F,N,108.0,36.0,True,13,7.0,0,1,13,0,0,1
FR04AN,1,F,S,54.0,17.0,True,14,7.0,0,1,14,0,0,1
FR04AN,4,T,S,119.0,29.0,True,15,6.0,0,1,15,0,0,1
FR04AN,5,F,S,49.0,11.0,True,16,6.0,0,1,16,0,0,1
FR04AN,6,T,S,70.0,15.0,False,17,4.0,1,1,0,0,0,1
FR04AN,3,T,W,59.0,19.0,True,18,7.0,0,2,1,1,1,2
FR04AN,6,T,W,39.0,13.0,False,19,4.0,1,2,0,0,0,2
FR04AN,2,F,W,103.0,33.0,True,20,7.0,0,3,1,1,1,3
FR04AN,1,F,N,53.0,25.0,True,21,7.0,0,3,2,0,0,3
FR04AN,3,T,S,59.0,18.0,True,22,6.0,0,3,3,0,0,3
FR04AN,6,F,N,119.0,32.0,True,23,6.0,0,3,4,0,0,3
FR04AN,4,F,W,86.0,29.0,True,24,7.0,0,3,5,0,0,3
FR04AN,4,F,N,99.0,38.0,True,25,7.0,0,3,6,0,0,3
FR04AN,5,T,N,16.0,6.0,False,26,5.0,1,3,0,0,0,3
FR04AN,2,T,W,84.0,29.0,True,27,6.0,0,4,1,1,1,4
FR04AN,3,F,S,55.0,17.0,True,28,7.0,0,4,2,0,0,4
FR04AN,3,T,N,70.0,16.0,True,29,6.0,0,4,3,0,0,4
FR04AN,1,T,N,55.0,12.0,True,30,7.0,0,4,4,0,0,4
FR04AN,6,T,N,93.0,23.0,False,31,4.0,1,4,0,0,0,4
FR04AN,6,T,W,42.0,10.0,False,32,4.0,1,5,1,1,0,4
FR04AN,5,T,W,24.0,8.0,False,33,4.0,1,6,2,1,0,4
FR04AN,6,T,S,62.0,19.0,False,34,5.0,1,7,3,1,0,4
FR04AN,6,T,S,52.0,13.0,False,35,6.0,1,8,4,1,0,4
FR04AN,2,T,S,122.0,48.0,True,36,6.0,0,9,1,1,1,5
FR04AN,1,T,S,62.0,20.0,True,37,6.0,0,9,2,0,0,5
FR04AN,5,T,N,42.0,10.0,False,38,4.0,1,9,0,0,0,5
FR04AN,6,T,W,82.0,19.0,False,39,4.0,1,10,1,1,0,5
FR04AN,3,F,N,60.0,23.0,True,40,7.0,0,11,1,1,1,6
FR04AN,6,T,N,92.0,21.0,False,41,5.0,1,11,0,0,0,6
FR04AN,6,T,N,129.0,36.0,False,42,6.0,1,12,1,1,0,6
FR04AN,4,F,S,112.0,61.0,True,43,7.0,0,13,1,1,1,7
FR04AN,5,T,W,24.0,14.0,False,44,5.0,1,13,0,0,0,7
FR04AN,5,T,W,42.0,14.0,False,45,6.0,1,14,1,1,0,7
IT02IT1,6,T,N,47.0,27.0,False,00,3.0,1,0,2,1,0,0
IT02IT1,6,T,S,33.0,21.0,False,01,4.0,1,1,3,1,0,0
IT02IT1,2,F,W,106.0,57.0,True,02,7.0,0,2,1,1,1,1
IT02IT1,6,F,N,115.0,43.0,True,03,6.0,0,2,2,0,0,1
IT02IT1,4,F,S,78.0,37.0,False,04,7.0,1,2,0,0,0,1
IT02IT1,5,F,N,57.0,19.0,True,05,7.0,0,3,1,1,1,2
IT02IT1,2,T,S,91.0,56.0,True,06,7.0,0,3,2,0,0,2
IT02IT1,3,T,N,61.0,33.0,True,07,6.0,0,3,3,0,0,2
IT02IT1,6,T,N,23.0,14.0,False,08,4.0,1,3,0,0,0,2
IT02IT1,4,T,N,89.0,41.0,False,09,5.0,1,4,1,1,0,2
IT02IT1,1,T,S,49.0,35.0,True,10,7.0,0,5,1,1,1,3
IT02IT1,3,F,S,46.0,22.0,True,11,2.0,0,5,2,0,0,3
IT02IT1,1,F,W,45.0,19.0,True,12,7.0,0,5,3,0,0,3
IT02IT1,1,F,S,49.0,32.0,True,13,7.0,0,5,4,0,0,3
IT02IT1,5,T,W,13.0,6.0,False,14,5.0,1,5,0,0,0,3
IT02IT1,2,T,N,99.0,53.0,True,15,7.0,0,6,1,1,1,4
IT02IT1,2,F,S,91.0,69.0,True,16,7.0,0,6,2,0,0,4
IT02IT1,6,F,S,49.0,19.0,False,17,5.0,1,6,0,0,0,4
IT02IT1,4,F,S,102.0,64.0,True,18,7.0,0,7,1,1,1,5
IT02IT1,1,F,N,51.0,38.0,True,19,7.0,0,7,2,0,0,5
IT02IT1,2,F,N,66.0,54.0,True,20,7.0,0,7,3,0,0,5
IT02IT1,3,T,S,34.0,22.0,True,21,6.0,0,7,4,0,0,5
IT02IT1,6,T,W,29.0,14.0,False,22,3.0,1,7,0,0,0,5
IT02IT1,4,T,W,74.0,29.0,False,23,4.0,1,8,1,1,0,5
IT02IT1,4,T,W,92.0,49.0,True,24,6.0,0,9,1,1,1,6
IT02IT1,4,F,N,101.0,60.0,True,25,7.0,0,9,2,0,0,6
IT02IT1,5,T,N,18.0,14.0,False,26,2.0,1,9,0,0,0,6
IT02IT1,3,T,W,48.0,21.0,True,27,6.0,0,10,1,1,1,7
IT02IT1,1,T,W,38.0,21.0,True,28,7.0,0,10,2,0,0,7
IT02IT1,1,T,N,75.0,69.0,True,29,7.0,0,10,3,0,0,7
IT02IT1,2,T,W,89.0,58.0,True,30,7.0,0,10,4,0,0,7
IT02IT1,6,T,W,20.0,10.0,False,31,2.0,1,10,0,0,0,7
IT02IT1,6,T,S,19.0,7.0,False,32,4.0,1,11,1,1,0,7
IT02IT1,6,T,S,95.0,68.0,True,33,5.0,0,12,1,1,1,8
IT02IT1,4,T,S,103.0,41.0,True,34,7.0,0,12,2,0,0,8
IT02IT1,5,T,N,20.0,9.0,False,35,6.0,1,12,0,0,0,8
IT02IT1,5,F,W,42.0,20.0,True,36,7.0,0,13,1,1,1,9
IT02IT1,5,T,N,49.0,17.0,True,37,6.0,0,13,2,0,0,9
IT02IT1,5,T,W,11.0,4.0,False,38,6.0,1,13,0,0,0,9
IT02IT1,3,F,N,48.0,40.0,True,39,7.0,0,14,1,1,1,10
IT02IT1,6,T,W,24.0,11.0,False,40,5.0,1,14,0,0,0,10
IT02IT1,4,F,W,97.0,53.0,True,41,7.0,0,15,1,1,1,11
IT02IT1,5,T,W,14.0,11.0,False,42,5.0,1,15,0,0,0,11
IT02IT1,3,F,W,39.0,21.0,True,43,7.0,0,16,1,1,1,12
IT02IT1,6,F,W,58.0,22.0,False,44,6.0,1,16,0,0,0,12
IT02IT1,5,T,S,13.0,6.0,False,45,3.0,1,17,1,1,0,12
IT02IT1,4,T,N,104.0,43.0,True,46,7.0,0,18,1,1,1,13
IT02IT1,6,F,W,64.0,30.0,False,47,7.0,1,18,0,0,0,13
IT02IT1,5,F,S,45.0,24.0,True,48,7.0,0,19,1,1,1,14
IT02IT1,6,F,W,90.0,37.0,True,49,7.0,0,19,2,0,0,14
IT02IT1,5,T,S,47.0,21.0,True,50,2.0,0,19,3,0,0,14
IT02IT1,6,T,N,79.0,27.0,False,51,5.0,1,19,0,0,0,14
IT02IT1,6,F,S,58.0,34.0,False,52,6.0,1,20,1,1,0,14
IT02IT1,6,F,S,17.0,7.0,False,53,2.0,1,21,2,1,0,14
LA22KK1,6,T,S,42.0,34.0,False,00,3.0,1,0,3,1,0,0
LA22KK1,6,T,S,82.0,50.0,False,01,5.0,1,1,4,1,0,0
LA22KK1,5,T,N,45.0,23.0,True,02,7.0,0,2,1,1,1,1
LA22KK1,3,F,W,24.0,554.0,True,03,7.0,0,2,2,0,0,1
LA22KK1,2,T,S,306.0,104.0,True,04,7.0,0,2,3,0,0,1
LA22KK1,6,F,S,22.0,26.0,False,05,6.0,1,2,0,0,0,1
LA22KK1,2,T,N,149.0,154.0,True,06,7.0,0,3,1,1,1,2
LA22KK1,5,F,S,105.0,67.0,False,07,6.0,1,3,0,0,0,2
LA22KK1,3,T,W,146.0,486.0,True,08,7.0,0,4,1,1,1,3
LA22KK1,2,F,N,362.0,133.0,True,09,7.0,0,4,2,0,0,3
LA22KK1,1,F,N,303.0,62.0,True,10,7.0,0,4,3,0,0,3
LA22KK1,1,F,S,257.0,130.0,True,11,7.0,0,4,4,0,0,3
LA22KK1,5,T,S,82.0,36.0,False,12,4.0,1,4,0,0,0,3
LA22KK1,2,T,W,67.0,85.0,True,13,7.0,0,5,1,1,1,4
LA22KK1,6,T,N,134.0,663.0,False,14,5.0,1,5,0,0,0,4
LA22KK1,5,F,S,193.0,48.0,False,15,6.0,1,6,1,1,0,4
LA22KK1,4,F,W,138.0,132.0,True,16,7.0,0,7,1,1,1,5
LA22KK1,6,F,N,270.0,203.0,True,17,7.0,0,7,2,0,0,5
LA22KK1,6,T,S,173.0,50.0,False,18,5.0,1,7,0,0,0,5
LA22KK1,5,T,S,22.0,32.0,False,19,4.0,1,8,1,1,0,5
LA22KK1,2,F,S,935.0,194.0,True,20,7.0,0,9,1,1,1,6
LA22KK1,3,F,S,54.0,57.0,True,21,7.0,0,9,2,0,0,6
LA22KK1,2,F,W,611.0,215.0,True,22,7.0,0,9,3,0,0,6
LA22KK1,1,F,W,281.0,321.0,True,23,7.0,0,9,4,0,0,6
LA22KK1,5,T,S,98.0,59.0,False,24,5.0,1,9,0,0,0,6
LA22KK1,1,T,N,38.0,37.0,True,25,7.0,0,10,1,1,1,7
LA22KK1,4,T,S,93.0,1071.0,True,26,7.0,0,10,2,0,0,7
LA22KK1,3,T,S,43.0,60.0,True,27,7.0,0,10,3,0,0,7
LA22KK1,6,T,N,591.0,120.0,False,28,6.0,1,10,0,0,0,7
LA22KK1,6,T,N,280.0,139.0,True,29,7.0,0,11,1,1,1,8
LA22KK1,4,F,N,631.0,123.0,True,30,7.0,0,11,2,0,0,8
LA22KK1,1,T,S,229.0,71.0,True,31,7.0,0,11,3,0,0,8
LA22KK1,5,T,W,171.0,465.0,True,32,7.0,0,11,4,0,0,8
LA22KK1,5,F,N,104.0,169.0,False,33,7.0,1,11,0,0,0,8
LA22KK1,3,F,N,111.0,51.0,True,34,7.0,0,12,1,1,1,9
LA22KK1,5,F,W,52.0,45.0,True,35,7.0,0,12,2,0,0,9
LA22KK1,3,T,N,164.0,42.0,True,36,7.0,0,12,3,0,0,9
LA22KK1,6,F,W,631.0,598.0,True,37,6.0,0,12,4,0,0,9
LA22KK1,4,F,S,587.0,236.0,True,38,7.0,0,12,5,0,0,9
LA22KK1,6,F,S,159.0,101.0,True,39,7.0,0,12,6,0,0,9
LA22KK1,4,T,W,79.0,66.0,True,40,7.0,0,12,7,0,0,9
LA22KK1,5,F,N,13.0,18.0,True,41,7.0,0,12,8,0,0,9
LA22KK1,1,T,W,45.0,53.0,True,42,7.0,0,12,9,0,0,9
LA22KK1,6,T,W,53.0,33.0,False,43,7.0,1,12,0,0,0,9
LA22KK1,4,T,N,296.0,104.0,True,44,6.0,0,13,1,1,1,10
LA22KK1,6,T,W,56.0,39.0,False,45,6.0,1,13,0,0,0,10
LA22KK1,6,T,W,275.0,117.0,False,46,6.0,1,14,1,1,0,10
LA22KK1,5,F,S,79.0,67.0,True,47,7.0,0,15,1,1,1,11
LJ28VA1,3,F,S,191.0,189.0,True,00,6.0,0,0,2,0,0,0
LJ28VA1,6,T,S,61.0,74.0,False,01,3.0,1,0,0,0,0,0
LJ28VA1,6,T,W,68.0,20.0,False,02,4.0,1,1,1,1,0,0
LJ28VA1,3,T,W,148.0,28.0,True,03,5.0,0,2,1,1,1,1
LJ28VA1,5,T,N,34.0,18.0,False,04,2.0,1,2,0,0,0,1
LJ28VA1,4,F,N,379.0,58.0,True,05,6.0,0,3,1,1,1,2
LJ28VA1,2,F,N,209.0,57.0,True,06,7.0,0,3,2,0,0,2
LJ28VA1,6,F,N,276.0,40.0,False,07,5.0,1,3,0,0,0,2
LJ28VA1,1,T,W,212.0,69.0,True,08,6.0,0,4,1,1,1,3
LJ28VA1,5,T,N,76.0,31.0,False,09,4.0,1,4,0,0,0,3
LJ28VA1,2,F,S,453.0,98.0,True,10,7.0,0,5,1,1,1,4
LJ28VA1,4,T,W,334.0,59.0,False,11,6.0,1,5,0,0,0,4
LJ28VA1,3,F,W,231.0,37.0,True,12,7.0,0,6,1,1,1,5
LJ28VA1,5,F,W,297.0,36.0,True,13,6.0,0,6,2,0,0,5
LJ28VA1,1,F,S,190.0,17.0,True,14,7.0,0,6,3,0,0,5
LJ28VA1,1,T,S,131.0,28.0,False,15,6.0,1,6,0,0,0,5
LJ28VA1,4,F,S,300.0,33.0,False,16,6.0,1,7,1,1,0,5
LJ28VA1,6,F,W,383.0,79.0,False,17,5.0,1,8,2,1,0,5
LJ28VA1,2,T,W,380.0,70.0,True,18,5.0,0,9,1,1,1,6
LJ28VA1,6,T,S,350.0,98.0,False,19,4.0,1,9,0,0,0,6
LJ28VA1,5,F,S,193.0,24.0,False,20,5.0,1,10,1,1,0,6
LJ28VA1,2,T,S,463.0,33.0,True,21,6.0,0,11,1,1,1,7
LJ28VA1,4,F,W,523.0,66.0,True,22,7.0,0,11,2,0,0,7
LJ28VA1,6,F,W,408.0,86.0,False,23,7.0,1,11,0,0,0,7
LJ28VA1,6,T,N,100.0,24.0,False,24,5.0,1,12,1,1,0,7
LJ28VA1,1,F,W,201.0,39.0,True,25,7.0,0,13,1,1,1,8
LJ28VA1,5,T,N,145.0,22.0,False,26,5.0,1,13,0,0,0,8
LJ28VA1,2,T,N,369.0,43.0,True,27,5.0,0,14,1,1,1,9
LJ28VA1,4,T,W,133.0,23.0,False,28,4.0,1,14,0,0,0,9
LJ28VA1,6,T,S,58.0,28.0,False,29,3.0,1,15,1,1,0,9
LJ28VA1,4,T,S,430.0,36.0,False,30,4.0,1,16,2,1,0,9
LJ28VA1,3,T,S,188.0,40.0,True,31,5.0,0,17,1,1,1,10
LJ28VA1,6,T,W,219.0,35.0,False,32,5.0,1,17,0,0,0,10
LJ28VA1,2,F,W,228.0,43.0,True,33,7.0,0,18,1,1,1,11
LJ28VA1,1,T,N,173.0,16.0,True,34,6.0,0,18,2,0,0,11
LJ28VA1,3,F,N,240.0,37.0,True,35,7.0,0,18,3,0,0,11
LJ28VA1,5,F,N,229.0,33.0,True,36,7.0,0,18,4,0,0,11
LJ28VA1,4,T,W,329.0,244.0,True,37,6.0,0,18,5,0,0,11
LJ28VA1,6,T,N,309.0,88.0,False,38,7.0,1,18,0,0,0,11
LJ28VA1,5,T,W,43.0,35.0,False,39,4.0,1,19,1,1,0,11
LJ28VA1,6,F,S,315.0,419.0,False,40,6.0,1,20,2,1,0,11
LJ28VA1,6,T,N,311.0,88.0,False,41,3.0,1,21,3,1,0,11
LJ28VA1,1,F,N,146.0,26.0,True,42,7.0,0,22,1,1,1,12
LJ28VA1,3,T,N,172.0,44.0,True,43,7.0,0,22,2,0,0,12
LJ28VA1,5,T,S,46.0,29.0,False,44,4.0,1,22,0,0,0,12
LJ28VA1,5,T,S,34.0,26.0,False,45,2.0,1,23,1,1,0,12
LJ28VA1,6,T,W,73.0,36.0,False,46,3.0,1,24,2,1,0,12
LJ28VA1,5,T,W,213.0,45.0,True,47,6.0,0,25,1,1,1,13
LJ28VA1,4,T,N,319.0,42.0,False,48,5.0,1,25,0,0,0,13
LJ28VA1,5,F,S,87.0,13.0,False,49,6.0,1,26,1,1,0,13
LJ28VA1,5,T,S,243.0,56.0,False,50,2.0,1,27,2,1,0,13
LJ28VA1,4,F,S,527.0,45.0,True,51,6.0,0,28,1,1,1,14
LJ28VA1,5,F,S,84.0,19.0,False,52,6.0,1,28,0,0,0,14
LJ28VA1,4,T,N,528.0,114.0,False,53,5.0,1,29,1,1,0,14
LJ28VA1,6,F,W,428.0,99.0,False,54,6.0,1,30,2,1,0,14
LJ28VA1,4,T,S,262.0,58.0,False,55,5.0,1,31,3,1,0,14
LJ28VA1,4,T,N,484.0,70.0,True,56,7.0,0,32,1,1,1,15
LJ28VA1,6,F,N,127.0,31.0,False,57,5.0,1,32,0,0,0,15
LJ28VA1,1,T,S,239.0,63.0,True,58,6.0,0,33,1,1,1,16
LJ28VA1,6,F,S,351.0,65.0,False,59,6.0,1,33,0,0,0,16
LJ28VA1,6,F,S,557.0,137.0,True,60,7.0,0,34,1,1,1,17
LJ28VA1,6,F,N,628.0,127.0,True,61,7.0,0,34,2,0,0,17
LJ28VA1,4,T,S,420.0,142.0,False,62,4.0,1,34,0,0,0,17
LL13AE1,1,T,N,56.0,28.0,True,00,7.0,0,0,1,1,1,1
LL13AE1,4,F,N,110.0,59.0,True,01,7.0,0,0,2,0,0,1
LL13AE1,3,F,N,61.0,27.0,True,02,7.0,0,0,3,0,0,1
LL13AE1,2,T,N,83.0,52.0,True,03,6.0,0,0,4,0,0,1
LL13AE1,5,T,N,32.0,23.0,False,04,4.0,1,0,0,0,0,1
LL13AE1,5,T,S,42.0,53.0,False,05,4.0,1,1,1,1,0,1
LL13AE1,4,F,W,125.0,82.0,True,06,7.0,0,2,1,1,1,2
LL13AE1,2,T,W,96.0,42.0,True,07,7.0,0,2,2,0,0,2
LL13AE1,1,F,W,62.0,24.0,True,08,7.0,0,2,3,0,0,2
LL13AE1,4,F,S,105.0,91.0,True,09,5.0,0,2,4,0,0,2
LL13AE1,3,F,S,57.0,59.0,True,10,4.0,0,2,5,0,0,2
LL13AE1,6,T,W,121.0,52.0,True,11,6.0,0,2,6,0,0,2
LL13AE1,5,T,W,23.0,18.0,False,12,4.0,1,2,0,0,0,2
LL13AE1,1,T,S,58.0,35.0,True,13,7.0,0,3,1,1,1,3
LL13AE1,4,T,W,132.0,78.0,True,14,6.0,0,3,2,0,0,3
LL13AE1,5,T,S,31.0,32.0,False,15,5.0,1,3,0,0,0,3
LL13AE1,5,T,N,27.0,8.0,False,16,3.0,1,4,1,1,0,3
LL13AE1,1,F,N,56.0,45.0,True,17,7.0,0,5,1,1,1,4
LL13AE1,5,T,N,61.0,30.0,True,18,6.0,0,5,2,0,0,4
LL13AE1,6,T,N,114.0,76.0,True,19,6.0,0,5,3,0,0,4
LL13AE1,4,T,N,97.0,73.0,True,20,6.0,0,5,4,0,0,4
LL13AE1,5,F,W,64.0,32.0,True,21,7.0,0,5,5,0,0,4
LL13AE1,2,F,W,116.0,76.0,True,22,7.0,0,5,6,0,0,4
LL13AE1,1,F,S,58.0,28.0,True,23,7.0,0,5,7,0,0,4
LL13AE1,4,T,S,78.0,37.0,False,24,5.0,1,5,0,0,0,4
LL13AE1,3,T,N,50.0,38.0,True,25,7.0,0,6,1,1,1,5
LL13AE1,3,F,W,42.0,31.0,True,26,6.0,0,6,2,0,0,5
LL13AE1,5,F,S,45.0,18.0,True,27,6.0,0,6,3,0,0,5
LL13AE1,2,F,N,105.0,68.0,True,28,7.0,0,6,4,0,0,5
LL13AE1,4,T,S,108.0,115.0,True,29,5.0,0,6,5,0,0,5
LL13AE1,6,F,N,105.0,73.0,True,30,7.0,0,6,6,0,0,5
LL13AE1,5,T,W,65.0,32.0,True,31,5.0,0,6,7,0,0,5
LL13AE1,3,T,S,49.0,37.0,True,32,6.0,0,6,8,0,0,5
LL13AE1,6,T,S,33.0,25.0,False,33,4.0,1,6,0,0,0,5
LL13AE1,5,F,N,49.0,26.0,True,34,7.0,0,7,1,1,1,6
LL13AE1,6,T,S,31.0,15.0,False,35,4.0,1,7,0,0,0,6
LL13AE1,6,T,S,30.0,20.0,False,36,5.0,1,8,1,1,0,6
LL13AE1,2,F,S,81.0,74.0,True,37,7.0,0,9,1,1,1,7
LL13AE1,3,T,W,48.0,45.0,True,38,7.0,0,9,2,0,0,7
LL13AE1,2,T,S,96.0,78.0,True,39,6.0,0,9,3,0,0,7
LL13AE1,6,F,S,103.0,73.0,True,40,5.0,0,9,4,0,0,7
LL13AE1,1,T,W,46.0,43.0,True,41,6.0,0,9,5,0,0,7
LL13AE1,6,F,W,124.0,119.0,True,42,6.0,0,9,6,0,0,7
LL13AE1,5,T,S,43.0,31.0,False,43,4.0,1,9,0,0,0,7
MO07LN1,6,T,S,11.0,10.0,False,00,1.0,1,0,1,1,0,0
MO07LN1,5,F,W,44.0,16.0,False,01,4.0,1,1,2,1,0,0
MO07LN1,1,F,S,49.0,26.0,True,02,7.0,0,2,1,1,1,1
MO07LN1,5,F,N,51.0,26.0,True,03,7.0,0,2,2,0,0,1
MO07LN1,5,T,N,27.0,16.0,False,04,3.0,1,2,0,0,0,1
MO07LN1,6,F,W,67.0,38.0,False,05,5.0,1,3,1,1,0,1
MO07LN1,1,F,N,42.0,25.0,True,06,7.0,0,4,1,1,1,2
MO07LN1,4,F,W,47.0,27.0,False,07,5.0,1,4,0,0,0,2
MO07LN1,1,T,N,45.0,29.0,True,08,7.0,0,5,1,1,1,3
MO07LN1,1,F,W,31.0,51.0,True,09,7.0,0,5,2,0,0,3
MO07LN1,5,T,S,22.0,14.0,False,10,3.0,1,5,0,0,0,3
MO07LN1,5,F,W,23.0,13.0,False,11,5.0,1,6,1,1,0,3
MO07LN1,1,T,S,109.0,65.0,True,12,6.0,0,7,1,1,1,4
MO07LN1,6,T,N,21.0,18.0,False,13,3.0,1,7,0,0,0,4
MO07LN1,1,T,W,52.0,19.0,True,14,7.0,0,8,1,1,1,5
MO07LN1,6,T,W,37.0,13.0,False,15,2.0,1,8,0,0,0,5
MO07LN1,2,T,W,74.0,42.0,True,16,7.0,0,9,1,1,1,6
MO07LN1,4,F,W,10.0,7.0,True,17,7.0,0,9,2,0,0,6
MO07LN1,6,T,W,14.0,12.0,False,18,2.0,1,9,0,0,0,6
MO07LN1,2,F,W,59.0,21.0,True,19,7.0,0,10,1,1,1,7
MO07LN1,6,T,W,10.0,11.0,False,20,3.0,1,10,0,0,0,7
MO07LN1,4,T,W,,,False,21,4.0,1,11,1,1,0,7
MO07LN1,3,F,N,2.0,2.0,True,22,7.0,0,12,1,1,1,8
MO07LN1,6,T,S,9.0,9.0,False,23,2.0,1,12,0,0,0,8
MO07LN1,2,F,N,11.0,3.0,True,24,7.0,0,13,1,1,1,9
MO07LN1,4,F,N,10.0,12.0,False,25,5.0,1,13,0,0,0,9
MO07LN1,6,F,N,53.0,37.0,False,26,5.0,1,14,1,1,0,9
MO07LN1,2,T,S,74.0,32.0,True,27,7.0,0,15,1,1,1,10
MO07LN1,3,F,W,51.0,32.0,True,28,7.0,0,15,2,0,0,10
MO07LN1,6,T,S,19.0,7.0,False,29,2.0,1,15,0,0,0,10
MO07LN1,4,T,N,36.0,17.0,False,30,4.0,1,16,1,1,0,10
MO07LN1,4,F,N,98.0,47.0,True,31,7.0,0,17,1,1,1,11
MO07LN1,4,T,S,84.0,22.0,True,32,7.0,0,17,2,0,0,11
MO07LN1,5,F,S,46.0,17.0,True,33,6.0,0,17,3,0,0,11
MO07LN1,6,F,N,52.0,19.0,False,34,5.0,1,17,0,0,0,11
MO07LN1,3,F,S,35.0,19.0,True,35,7.0,0,18,1,1,1,12
MO07LN1,2,T,N,53.0,28.0,True,36,7.0,0,18,2,0,0,12
MO07LN1,5,T,N,17.0,12.0,False,37,2.0,1,18,0,0,0,12
MO07LN1,3,T,S,18.0,7.0,False,38,3.0,1,19,1,1,0,12
MO07LN1,3,T,N,9.0,10.0,True,39,6.0,0,20,1,1,1,13
MO07LN1,6,T,N,16.0,33.0,False,40,4.0,1,20,0,0,0,13
MO07LN1,5,F,W,12.0,5.0,False,41,2.0,1,21,1,1,0,13
MO07LN1,4,T,N,24.0,8.0,False,42,4.0,1,22,2,1,0,13
MO07LN1,3,T,S,28.0,12.0,True,43,7.0,0,23,1,1,1,14
MO07LN1,2,F,S,47.0,29.0,True,44,7.0,0,23,2,0,0,14
MO07LN1,4,F,S,94.0,40.0,True,45,7.0,0,23,3,0,0,14
MO07LN1,6,F,S,22.0,18.0,False,46,4.0,1,23,0,0,0,14
MO07LN1,5,T,N,,,False,47,2.0,1,24,1,1,0,14
MO07LN1,5,T,S,,,False,48,2.0,1,25,2,1,0,14
MO07LN1,5,T,S,19.0,9.0,False,49,2.0,1,26,3,1,0,14
MO07LN1,4,T,N,2.0,,False,50,4.0,1,27,4,1,0,14
MO07LN1,4,T,W,99.0,70.0,True,51,6.0,0,28,1,1,1,15
MO07LN1,6,F,S,42.0,16.0,False,52,5.0,1,28,0,0,0,15
MO07LN1,6,F,W,24.0,19.0,True,53,7.0,0,29,1,1,1,16
MO07LN1,6,F,S,37.0,19.0,False,54,5.0,1,29,0,0,0,16
MO07LN1,6,F,N,74.0,30.0,True,55,7.0,0,30,1,1,1,17
MO07LN1,6,T,N,35.0,16.0,False,56,4.0,1,30,0,0,0,17
MO07LN1,3,T,W,13.0,9.0,False,57,2.0,1,31,1,1,0,17
MO07LN1,5,T,W,29.0,11.0,False,58,3.0,1,32,2,1,0,17
MO07LN1,3,T,W,45.0,23.0,True,59,7.0,0,33,1,1,1,18
MO07LN1,5,T,W,31.0,11.0,False,60,4.0,1,33,0,0,0,18
MO07LN1,5,T,W,22.0,17.0,False,61,2.0,1,34,1,1,0,18
OC19AS1,2,F,W,117.0,28.0,True,00,7.0,0,0,1,1,1,1
OC19AS1,6,F,N,123.0,37.0,True,01,7.0,0,0,2,0,0,1
OC19AS1,4,F,N,113.0,31.0,True,02,7.0,0,0,3,0,0,1
OC19AS1,3,T,N,55.0,15.0,True,03,7.0,0,0,4,0,0,1
OC19AS1,2,T,S,108.0,33.0,True,04,7.0,0,0,5,0,0,1
OC19AS1,6,F,W,105.0,21.0,True,05,6.0,0,0,6,0,0,1
OC19AS1,6,T,W,27.0,7.0,False,06,5.0,1,0,0,0,0,1
OC19AS1,3,F,S,53.0,13.0,True,07,6.0,0,1,1,1,1,2
OC19AS1,4,T,S,116.0,38.0,True,08,4.0,0,1,2,0,0,2
OC19AS1,4,T,W,101.0,68.0,True,09,6.0,0,1,3,0,0,2
OC19AS1,2,T,W,101.0,26.0,True,10,7.0,0,1,4,0,0,2
OC19AS1,6,T,W,29.0,22.0,False,11,5.0,1,1,0,0,0,2
OC19AS1,6,T,S,65.0,17.0,False,12,4.0,1,2,1,1,0,2
OC19AS1,4,T,N,47.0,22.0,False,13,6.0,1,3,2,1,0,2
OC19AS1,2,T,N,94.0,28.0,True,14,7.0,0,4,1,1,1,3
OC19AS1,4,T,N,112.0,29.0,True,15,5.0,0,4,2,0,0,3
OC19AS1,5,T,W,17.0,8.0,False,16,5.0,1,4,0,0,0,3
OC19AS1,3,F,W,43.0,14.0,True,17,7.0,0,5,1,1,1,4
OC19AS1,2,F,S,80.0,26.0,True,18,5.0,0,5,2,0,0,4
OC19AS1,5,F,N,50.0,11.0,True,19,6.0,0,5,3,0,0,4
OC19AS1,3,T,S,45.0,8.0,True,20,5.0,0,5,4,0,0,4
OC19AS1,2,F,N,96.0,20.0,True,21,7.0,0,5,5,0,0,4
OC19AS1,6,T,N,62.0,23.0,False,22,5.0,1,5,0,0,0,4
OC19AS1,6,F,S,100.0,23.0,True,23,3.0,0,6,1,1,1,5
OC19AS1,6,T,S,21.0,12.0,False,24,6.0,1,6,0,0,0,5
OC19AS1,5,T,N,32.0,19.0,False,25,7.0,1,7,1,1,0,5
OC19AS1,4,F,W,102.0,16.0,True,26,5.0,0,8,1,1,1,6
OC19AS1,1,T,W,55.0,16.0,True,27,6.0,0,8,2,0,0,6
OC19AS1,5,T,W,15.0,7.0,False,28,4.0,1,8,0,0,0,6
OC19AS1,5,T,S,16.0,7.0,False,29,3.0,1,9,1,1,0,6
OC19AS1,1,T,S,49.0,13.0,True,30,3.0,0,10,1,1,1,7
OC19AS1,1,T,N,49.0,13.0,True,31,7.0,0,10,2,0,0,7
OC19AS1,3,T,W,50.0,17.0,True,32,6.0,0,10,3,0,0,7
OC19AS1,6,T,S,16.0,5.0,False,33,5.0,1,10,0,0,0,7
OC19AS1,1,F,S,57.0,8.0,True,34,7.0,0,11,1,1,1,8
OC19AS1,3,F,N,47.0,8.0,True,35,7.0,0,11,2,0,0,8
OC19AS1,5,F,S,20.0,5.0,False,36,2.0,1,11,0,0,0,8
OC19AS1,6,T,W,60.0,17.0,False,37,5.0,1,12,1,1,0,8
OC19AS1,5,F,W,17.0,5.0,False,38,7.0,1,13,2,1,0,8
OC19AS1,5,F,S,15.0,6.0,False,39,3.0,1,14,3,1,0,8
OC19AS1,1,F,W,49.0,12.0,True,40,7.0,0,15,1,1,1,9
OC19AS1,1,F,N,44.0,14.0,True,41,7.0,0,15,2,0,0,9
OC19AS1,5,F,W,15.0,5.0,False,42,3.0,1,15,0,0,0,9
OC19AS1,5,T,W,48.0,13.0,True,43,6.0,0,16,1,1,1,10
OC19AS1,5,F,S,12.0,7.0,False,44,2.0,1,16,0,0,0,10
OC19AS1,5,F,W,53.0,10.0,True,45,5.0,0,17,1,1,1,11
OC19AS1,6,T,N,29.0,17.0,False,46,7.0,1,17,0,0,0,11
OC19AS1,6,T,N,62.0,16.0,False,47,4.0,1,18,1,1,0,11
OC19AS1,5,T,N,52.0,20.0,True,48,5.0,0,19,1,1,1,12
OC19AS1,4,F,S,104.0,18.0,True,49,2.0,0,19,2,0,0,12
OC19AS1,5,T,S,28.0,6.0,False,50,2.0,1,19,0,0,0,12
OC19AS1,5,T,S,19.0,5.0,False,51,2.0,1,20,1,1,0,12
OK01UE,3,T,N,68.0,41.0,True,00,7.0,0,0,1,1,1,1
OK01UE,5,T,S,32.0,14.0,False,01,5.0,1,0,0,0,0,1
OK01UE,6,F,W,152.0,88.0,True,02,7.0,0,1,1,1,1,2
OK01UE,5,T,S,27.0,14.0,False,03,4.0,1,1,0,0,0,2
OK01UE,6,F,S,157.0,91.0,True,04,6.0,0,2,1,1,1,3
OK01UE,5,T,W,23.0,13.0,False,05,3.0,1,2,0,0,0,3
OK01UE,1,F,W,76.0,51.0,True,06,7.0,0,3,1,1,1,4
OK01UE,4,F,S,157.0,94.0,True,07,7.0,0,3,2,0,0,4
OK01UE,2,F,W,87.0,58.0,False,08,7.0,1,3,0,0,0,4
OK01UE,3,T,S,24.0,11.0,False,09,5.0,1,4,1,1,0,4
OK01UE,5,F,N,72.0,37.0,True,10,7.0,0,5,1,1,1,5
OK01UE,4,F,N,147.0,96.0,True,11,7.0,0,5,2,0,0,5
OK01UE,6,T,S,98.0,51.0,False,12,5.0,1,5,0,0,0,5
OK01UE,4,T,W,146.0,79.0,True,13,7.0,0,6,1,1,1,6
OK01UE,3,T,S,67.0,48.0,True,14,7.0,0,6,2,0,0,6
OK01UE,5,T,S,44.0,24.0,True,15,6.0,0,6,3,0,0,6
OK01UE,6,F,N,136.0,67.0,True,16,7.0,0,6,4,0,0,6
OK01UE,5,T,W,22.0,11.0,False,17,4.0,1,6,0,0,0,6
OK01UE,2,F,W,146.0,95.0,True,18,7.0,0,7,1,1,1,7
OK01UE,3,F,S,75.0,45.0,True,19,7.0,0,7,2,0,0,7
OK01UE,2,T,N,125.0,69.0,True,20,7.0,0,7,3,0,0,7
OK01UE,4,T,N,110.0,49.0,True,21,6.0,0,7,4,0,0,7
OK01UE,3,F,W,59.0,33.0,True,22,7.0,0,7,5,0,0,7
OK01UE,5,T,N,46.0,19.0,False,23,5.0,1,7,0,0,0,7
OK01UE,1,T,W,60.0,45.0,True,24,7.0,0,8,1,1,1,8
OK01UE,3,F,N,60.0,36.0,True,25,7.0,0,8,2,0,0,8
OK01UE,5,T,W,18.0,11.0,False,26,4.0,1,8,0,0,0,8
OK01UE,2,F,S,124.0,67.0,True,27,7.0,0,9,1,1,1,9
OK01UE,3,T,W,45.0,23.0,True,28,7.0,0,9,2,0,0,9
OK01UE,6,T,N,29.0,10.0,False,29,5.0,1,9,0,0,0,9
OK01UE,5,F,W,59.0,32.0,True,30,7.0,0,10,1,1,1,10
OK01UE,2,T,W,101.0,51.0,True,31,6.0,0,10,2,0,0,10
OK01UE,1,T,S,60.0,41.0,True,32,7.0,0,10,3,0,0,10
OK01UE,1,T,N,52.0,36.0,True,33,7.0,0,10,4,0,0,10
OK01UE,6,T,N,50.0,23.0,False,34,5.0,1,10,0,0,0,10
OK01UE,6,T,N,79.0,36.0,False,35,6.0,1,11,1,1,0,10
OK01UE,4,F,W,144.0,313.0,True,36,7.0,0,12,1,1,1,11
OK01UE,5,T,N,24.0,14.0,False,37,5.0,1,12,0,0,0,11
OK01UE,5,T,N,26.0,15.0,False,38,5.0,1,13,1,1,0,11
OK01UE,2,T,S,108.0,65.0,True,39,7.0,0,14,1,1,1,12
OK01UE,5,F,S,62.0,30.0,True,40,7.0,0,14,2,0,0,12
OK01UE,2,F,N,120.0,71.0,True,41,7.0,0,14,3,0,0,12
OK01UE,6,T,W,50.0,28.0,False,42,5.0,1,14,0,0,0,12
OK01UE,4,T,S,274.0,84.0,False,43,6.0,1,15,1,1,0,12
OK01UE,4,T,S,27.0,12.0,False,44,5.0,1,16,2,1,0,12
OK01UE,4,T,S,55.0,25.0,False,45,5.0,1,17,3,1,0,12
OK01UE,6,T,S,71.0,34.0,False,46,3.0,1,18,4,1,0,12
OK01UE,1,F,N,51.0,21.0,True,47,7.0,0,19,1,1,1,13
OK01UE,1,F,S,52.0,26.0,True,48,7.0,0,19,2,0,0,13
OK01UE,6,T,S,72.0,25.0,False,49,5.0,1,19,0,0,0,13
OK01UE,6,T,W,115.0,69.0,True,50,6.0,0,20,1,1,1,14
OL01AC1,2,F,N,195.0,68.0,True,00,7.0,0,0,2,0,0,0
OL01AC1,1,F,S,88.0,25.0,True,01,7.0,0,0,3,0,0,0
OL01AC1,5,T,W,59.0,24.0,False,02,2.0,1,0,0,0,0,0
OL01AC1,6,T,N,98.0,78.0,False,03,2.0,1,1,1,1,0,0
OL01AC1,6,T,N,52.0,28.0,False,04,2.0,1,2,2,1,0,0
OL01AC1,1,T,W,163.0,44.0,True,05,7.0,0,3,1,1,1,1
OL01AC1,3,F,N,170.0,15.0,True,06,7.0,0,3,2,0,0,1
OL01AC1,1,F,W,80.0,31.0,True,07,7.0,0,3,3,0,0,1
OL01AC1,2,T,N,309.0,67.0,True,08,6.0,0,3,4,0,0,1
OL01AC1,3,T,S,230.0,48.0,True,09,6.0,0,3,5,0,0,1
OL01AC1,5,F,W,148.0,49.0,True,10,7.0,0,3,6,0,0,1
OL01AC1,3,F,W,79.0,21.0,True,11,7.0,0,3,7,0,0,1
OL01AC1,3,T,W,236.0,44.0,True,12,6.0,0,3,8,0,0,1
OL01AC1,5,F,N,101.0,14.0,True,13,7.0,0,3,9,0,0,1
OL01AC1,1,F,N,113.0,41.0,True,14,7.0,0,3,10,0,0,1
OL01AC1,4,F,S,374.0,85.0,True,15,7.0,0,3,11,0,0,1
OL01AC1,3,T,N,106.0,53.0,True,16,6.0,0,3,12,0,0,1
OL01AC1,4,T,W,443.0,155.0,True,17,6.0,0,3,13,0,0,1
OL01AC1,5,T,N,46.0,28.0,False,18,2.0,1,3,0,0,0,1
OL01AC1,2,F,W,151.0,44.0,True,19,7.0,0,4,1,1,1,2
OL01AC1,4,F,N,210.0,30.0,True,20,7.0,0,4,2,0,0,2
OL01AC1,6,F,S,286.0,27.0,True,21,7.0,0,4,3,0,0,2
OL01AC1,2,F,S,153.0,76.0,True,22,7.0,0,4,4,0,0,2
OL01AC1,5,T,N,110.0,61.0,False,23,3.0,1,4,0,0,0,2
OL01AC1,1,T,N,85.0,25.0,True,24,7.0,0,5,1,1,1,3
OL01AC1,5,T,S,30.0,3.0,False,25,2.0,1,5,0,0,0,3
OL01AC1,6,F,W,98.0,21.0,False,26,6.0,1,6,1,1,0,3
OL01AC1,4,T,S,379.0,57.0,True,27,6.0,0,7,1,1,1,4
OL01AC1,3,F,S,84.0,23.0,True,28,7.0,0,7,2,0,0,4
OL01AC1,4,F,W,126.0,45.0,True,29,7.0,0,7,3,0,0,4
OL01AC1,4,T,N,107.0,19.0,False,30,5.0,1,7,0,0,0,4
OL01AC1,4,T,N,292.0,48.0,True,31,7.0,0,8,1,1,1,5
OL01AC1,6,F,N,201.0,36.0,True,32,7.0,0,8,2,0,0,5
OL01AC1,2,T,W,187.0,44.0,True,33,7.0,0,8,3,0,0,5
OL01AC1,5,T,W,138.0,29.0,True,34,6.0,0,8,4,0,0,5
OL01AC1,5,T,N,205.0,27.0,True,35,7.0,0,8,5,0,0,5
OL01AC1,2,T,S,164.0,45.0,True,36,7.0,0,8,6,0,0,5
OL01AC1,6,T,N,236.0,15.0,False,37,4.0,1,8,0,0,0,5
OL01AC1,1,T,S,80.0,34.0,True,38,7.0,0,9,1,1,1,6
OL01AC1,5,T,S,129.0,36.0,True,39,6.0,0,9,2,0,0,6
OL01AC1,6,T,S,296.0,57.0,False,40,5.0,1,9,0,0,0,6
OL01AC1,6,T,S,54.0,9.0,False,41,4.0,1,10,1,1,0,6
OL01AC1,6,F,W,132.0,34.0,True,42,7.0,0,11,1,1,1,7
OL01AC1,5,F,S,90.0,14.0,True,43,6.0,0,11,2,0,0,7
OL01AC1,6,T,S,176.0,22.0,False,44,5.0,1,11,0,0,0,7
OL01AC1,6,T,W,318.0,71.0,True,45,6.0,0,12,1,1,1,8
ON27IN1,5,T,S,32.0,34.0,False,00,2.0,1,0,0,0,0,0
ON27IN1,1,T,N,68.0,45.0,True,01,7.0,0,1,1,1,1,1
ON27IN1,1,F,N,53.0,39.0,True,02,7.0,0,1,2,0,0,1
ON27IN1,1,F,W,60.0,53.0,True,03,7.0,0,1,3,0,0,1
ON27IN1,5,F,N,53.0,27.0,True,04,7.0,0,1,4,0,0,1
ON27IN1,1,T,W,57.0,30.0,True,05,7.0,0,1,5,0,0,1
ON27IN1,3,T,N,60.0,48.0,True,06,7.0,0,1,6,0,0,1
ON27IN1,1,F,S,44.0,32.0,True,07,7.0,0,1,7,0,0,1
ON27IN1,4,F,S,123.0,62.0,True,08,6.0,0,1,8,0,0,1
ON27IN1,6,T,W,41.0,22.0,False,09,3.0,1,1,0,0,0,1
ON27IN1,3,F,W,64.0,31.0,True,10,7.0,0,2,1,1,1,2
ON27IN1,5,T,S,46.0,35.0,False,11,3.0,1,2,0,0,0,2
ON27IN1,5,F,W,61.0,45.0,True,12,7.0,0,3,1,1,1,3
ON27IN1,5,T,N,45.0,24.0,False,13,5.0,1,3,0,0,0,3
ON27IN1,3,F,N,61.0,32.0,True,14,7.0,0,4,1,1,1,4
ON27IN1,1,T,S,63.0,40.0,True,15,7.0,0,4,2,0,0,4
ON27IN1,6,F,S,121.0,58.0,True,16,6.0,0,4,3,0,0,4
ON27IN1,6,T,S,36.0,26.0,False,17,5.0,1,4,0,0,0,4
ON27IN1,2,F,S,75.0,45.0,True,18,7.0,0,5,1,1,1,5
ON27IN1,5,T,S,46.0,17.0,False,19,7.0,1,5,0,0,0,5
ON27IN1,2,F,W,116.0,52.0,True,20,7.0,0,6,1,1,1,6
ON27IN1,4,F,N,82.0,40.0,True,21,7.0,0,6,2,0,0,6
ON27IN1,6,F,W,72.0,24.0,False,22,7.0,1,6,0,0,0,6
ON27IN1,6,F,W,126.0,65.0,True,23,7.0,0,7,1,1,1,7
ON27IN1,6,T,S,84.0,33.0,False,24,5.0,1,7,0,0,0,7
ON27IN1,6,T,S,80.0,30.0,False,25,6.0,1,8,1,1,0,7
ON27IN1,3,T,S,49.0,26.0,True,26,7.0,0,9,1,1,1,8
ON27IN1,4,F,W,100.0,49.0,True,27,7.0,0,9,2,0,0,8
ON27IN1,5,T,W,18.0,12.0,False,28,6.0,1,9,0,0,0,8
ON27IN1,3,T,W,55.0,44.0,True,29,7.0,0,10,1,1,1,9
ON27IN1,2,T,W,115.0,67.0,True,30,7.0,0,10,2,0,0,9
ON27IN1,4,T,W,141.0,82.0,True,31,7.0,0,10,3,0,0,9
ON27IN1,6,T,W,68.0,38.0,False,32,7.0,1,10,0,0,0,9
ON27IN1,6,F,N,89.0,52.0,True,33,7.0,0,11,1,1,1,10
ON27IN1,2,F,N,93.0,67.0,True,34,7.0,0,11,2,0,0,10
ON27IN1,5,T,N,52.0,32.0,True,35,6.0,0,11,3,0,0,10
ON27IN1,6,T,W,94.0,50.0,False,36,5.0,1,11,0,0,0,10
ON27IN1,2,T,S,134.0,76.0,True,37,7.0,0,12,1,1,1,11
ON27IN1,4,T,N,113.0,66.0,False,38,7.0,1,12,0,0,0,11
ON27IN1,2,T,N,118.0,77.0,True,39,7.0,0,13,1,1,1,12
ON27IN1,4,T,S,103.0,55.0,False,40,6.0,1,13,0,0,0,12
ON27IN1,3,F,S,59.0,38.0,True,41,7.0,0,14,1,1,1,13
ON27IN1,6,T,N,77.0,53.0,False,42,6.0,1,14,0,0,0,13
ON27IN1,4,T,N,108.0,54.0,True,43,7.0,0,15,1,1,1,14
ON27IN1,4,T,S,81.0,40.0,True,44,7.0,0,15,2,0,0,14
ON27IN1,6,T,N,120.0,42.0,True,45,6.0,0,15,3,0,0,14
ON27IN1,5,F,S,50.0,25.0,True,46,7.0,0,15,4,0,0,14
ON27IN1,5,T,W,59.0,24.0,True,47,6.0,0,15,5,0,0,14
OR13UN1,4,F,S,170.0,126.0,False,00,4.0,1,0,0,0,0,0
OR13UN1,5,F,S,117.0,47.0,True,01,7.0,0,1,1,1,1,1
OR13UN1,5,F,N,144.0,88.0,True,02,6.0,0,1,2,0,0,1
OR13UN1,6,T,S,75.0,98.0,False,03,3.0,1,1,0,0,0,1
OR13UN1,6,T,N,116.0,54.0,False,04,4.0,1,2,1,1,0,1
OR13UN1,6,T,S,167.0,119.0,False,05,5.0,1,3,2,1,0,1
OR13UN1,6,T,S,146.0,72.0,False,06,3.0,1,4,3,1,0,1
OR13UN1,1,T,W,93.0,73.0,True,07,7.0,0,5,1,1,1,2
OR13UN1,5,T,S,40.0,22.0,False,08,3.0,1,5,0,0,0,2
OR13UN1,6,F,W,415.0,235.0,True,09,7.0,0,6,1,1,1,3
OR13UN1,4,F,W,326.0,173.0,True,10,7.0,0,6,2,0,0,3
OR13UN1,6,T,W,126.0,346.0,False,11,2.0,1,6,0,0,0,3
OR13UN1,6,T,N,211.0,71.0,False,12,4.0,1,7,1,1,0,3
OR13UN1,3,T,N,322.0,398.0,True,13,6.0,0,8,1,1,1,4
OR13UN1,4,T,S,70.0,90.0,False,14,5.0,1,8,0,0,0,4
OR13UN1,1,F,N,85.0,29.0,True,15,7.0,0,9,1,1,1,5
OR13UN1,1,T,N,103.0,33.0,True,16,7.0,0,9,2,0,0,5
OR13UN1,2,F,W,222.0,46.0,True,17,7.0,0,9,3,0,0,5
OR13UN1,4,T,N,107.0,52.0,True,18,6.0,0,9,4,0,0,5
OR13UN1,5,T,W,54.0,19.0,True,19,6.0,0,9,5,0,0,5
OR13UN1,2,T,N,217.0,55.0,True,20,7.0,0,9,6,0,0,5
OR13UN1,5,T,S,36.0,13.0,False,21,5.0,1,9,0,0,0,5
OR13UN1,6,T,W,127.0,31.0,False,22,5.0,1,10,1,1,0,5
OR13UN1,3,T,S,211.0,57.0,True,23,6.0,0,11,1,1,1,6
OR13UN1,5,F,W,151.0,44.0,True,24,6.0,0,11,2,0,0,6
OR13UN1,6,F,S,280.0,108.0,False,25,5.0,1,11,0,0,0,6
OR13UN1,5,T,N,104.0,272.0,False,26,4.0,1,12,1,1,0,6
OR13UN1,5,T,S,19.0,13.0,False,27,4.0,1,13,2,1,0,6
OR13UN1,4,T,S,222.0,91.0,False,28,5.0,1,14,3,1,0,6
OR13UN1,3,T,W,120.0,36.0,True,29,6.0,0,15,1,1,1,7
OR13UN1,2,F,N,168.0,55.0,True,30,6.0,0,15,2,0,0,7
OR13UN1,6,T,N,356.0,131.0,True,31,6.0,0,15,3,0,0,7
OR13UN1,1,F,S,136.0,69.0,True,32,7.0,0,15,4,0,0,7
OR13UN1,2,T,W,348.0,149.0,True,33,6.0,0,15,5,0,0,7
OR13UN1,3,F,N,50.0,22.0,True,34,7.0,0,15,6,0,0,7
OR13UN1,6,F,S,50.0,25.0,False,35,4.0,1,15,0,0,0,7
OR13UN1,1,F,W,345.0,121.0,True,36,7.0,0,16,1,1,1,8
OR13UN1,4,F,S,186.0,654.0,True,37,7.0,0,16,2,0,0,8
OR13UN1,3,F,W,66.0,18.0,True,38,7.0,0,16,3,0,0,8
OR13UN1,6,F,S,213.0,67.0,False,39,4.0,1,16,0,0,0,8
OR13UN1,2,T,S,353.0,158.0,True,40,6.0,0,17,1,1,1,9
OR13UN1,3,F,S,57.0,6.0,True,41,7.0,0,17,2,0,0,9
OR13UN1,6,F,N,201.0,117.0,True,42,6.0,0,17,3,0,0,9
OR13UN1,6,T,W,428.0,51.0,True,43,7.0,0,17,4,0,0,9
OR13UN1,2,F,S,177.0,40.0,True,44,6.0,0,17,5,0,0,9
OR13UN1,4,T,W,89.0,33.0,False,45,5.0,1,17,0,0,0,9
OR13UN1,4,T,W,246.0,41.0,True,46,6.0,0,18,1,1,1,10
OR13UN1,1,T,S,209.0,41.0,True,47,7.0,0,18,2,0,0,10
OR13UN1,5,T,N,141.0,39.0,False,48,4.0,1,18,0,0,0,10
OR13UN1,4,F,N,24.0,23.0,False,49,2.0,1,19,1,1,0,10
OR13UN1,4,F,N,161.0,31.0,True,50,6.0,0,20,1,1,1,11
OR13UN1,5,T,N,33.0,16.0,False,51,4.0,1,20,0,0,0,11
OR13UN1,4,T,S,59.0,21.0,False,52,4.0,1,21,1,1,0,11
RE25EK,4,F,W,263.0,98.0,True,00,7.0,0,0,1,1,1,1
RE25EK,2,F,W,151.0,67.0,True,01,7.0,0,0,2,0,0,1
RE25EK,6,T,S,58.0,51.0,False,02,2.0,1,0,0,0,0,1
RE25EK,2,T,W,160.0,73.0,True,03,6.0,0,1,1,1,1,2
RE25EK,6,F,N,338.0,146.0,False,04,6.0,1,1,0,0,0,2
RE25EK,3,T,N,139.0,43.0,True,05,7.0,0,2,1,1,1,3
RE25EK,4,T,S,463.0,267.0,True,06,5.0,0,2,2,0,0,3
RE25EK,6,T,N,81.0,122.0,False,07,2.0,1,2,0,0,0,3
RE25EK,1,T,W,70.0,32.0,True,08,7.0,0,3,1,1,1,4
RE25EK,6,T,N,83.0,38.0,False,09,2.0,1,3,0,0,0,4
RE25EK,3,T,S,254.0,112.0,True,10,6.0,0,4,1,1,1,5
RE25EK,1,F,S,79.0,64.0,True,11,7.0,0,4,2,0,0,5
RE25EK,1,F,N,110.0,102.0,True,12,7.0,0,4,3,0,0,5
RE25EK,2,F,S,134.0,65.0,True,13,7.0,0,4,4,0,0,5
RE25EK,5,T,S,109.0,88.0,False,14,4.0,1,4,0,0,0,5
RE25EK,5,F,W,239.0,111.0,True,15,5.0,0,5,1,1,1,6
RE25EK,2,F,N,195.0,150.0,True,16,7.0,0,5,2,0,0,6
RE25EK,5,T,N,106.0,49.0,True,17,5.0,0,5,3,0,0,6
RE25EK,3,F,W,68.0,36.0,True,18,7.0,0,5,4,0,0,6
RE25EK,5,T,W,55.0,68.0,False,19,4.0,1,5,0,0,0,6
RE25EK,6,F,S,227.0,215.0,True,20,6.0,0,6,1,1,1,7
RE25EK,1,F,W,57.0,23.0,True,21,7.0,0,6,2,0,0,7
RE25EK,4,F,N,143.0,67.0,True,22,7.0,0,6,3,0,0,7
RE25EK,5,F,S,58.0,32.0,True,23,6.0,0,6,4,0,0,7
RE25EK,3,T,W,120.0,98.0,True,24,6.0,0,6,5,0,0,7
RE25EK,5,F,N,67.0,46.0,True,25,6.0,0,6,6,0,0,7
RE25EK,6,T,W,29.0,24.0,False,26,5.0,1,6,0,0,0,7
RE25EK,6,F,N,127.0,73.0,True,27,6.0,0,7,1,1,1,8
RE25EK,6,F,W,131.0,71.0,True,28,6.0,0,7,2,0,0,8
RE25EK,2,T,S,135.0,77.0,True,29,6.0,0,7,3,0,0,8
RE25EK,4,T,W,143.0,75.0,True,30,5.0,0,7,4,0,0,8
RE25EK,3,F,S,56.0,36.0,True,31,7.0,0,7,5,0,0,8
RE25EK,4,F,S,32.0,43.0,False,32,6.0,1,7,0,0,0,8
RE25EK,2,T,N,135.0,41.0,True,33,7.0,0,8,1,1,1,9
RE25EK,6,T,S,80.0,52.0,False,34,5.0,1,8,0,0,0,9
RE25EK,4,T,N,129.0,69.0,True,35,6.0,0,9,1,1,1,10
RE25EK,6,T,W,60.0,37.0,False,36,6.0,1,9,0,0,0,10
RE25EK,6,T,N,100.0,73.0,False,37,5.0,1,10,1,1,0,10
RE25EK,6,T,W,127.0,44.0,False,38,5.0,1,11,2,1,0,10
RE25EK,1,T,S,56.0,27.0,True,39,7.0,0,12,1,1,1,11
RE25EK,4,F,S,41.0,21.0,False,40,6.0,1,12,0,0,0,11
RE25EK,1,T,N,57.0,32.0,True,41,7.0,0,13,1,1,1,12
RE25EK,5,T,S,26.0,18.0,False,42,5.0,1,13,0,0,0,12
RE25EK,6,T,S,184.0,87.0,False,43,6.0,1,14,1,1,0,12
RE25EK,3,F,N,54.0,30.0,True,44,7.0,0,15,1,1,1,13
RE25EK,4,F,S,124.0,72.0,True,45,7.0,0,15,2,0,0,13
RE25EK,5,T,S,41.0,43.0,False,46,5.0,1,15,0,0,0,13
RE25EK,5,T,W,32.0,19.0,False,47,5.0,1,16,1,1,0,13
RE25EK,5,T,W,25.0,20.0,False,48,5.0,1,17,2,1,0,13
RO25EA1,1,T,S,83.0,56.0,True,00,6.0,0,0,1,1,1,1
RO25EA1,3,T,W,87.0,47.0,True,01,5.0,0,0,2,0,0,1
RO25EA1,2,T,S,141.0,90.0,True,02,5.0,0,0,3,0,0,1
RO25EA1,1,T,N,77.0,74.0,True,03,6.0,0,0,4,0,0,1
RO25EA1,1,F,W,47.0,41.0,True,04,7.0,0,0,5,0,0,1
RO25EA1,2,F,S,45.0,53.0,False,05,5.0,1,0,0,0,0,1
RO25EA1,6,F,N,106.0,39.0,False,06,6.0,1,1,1,1,0,1
RO25EA1,1,F,N,55.0,39.0,True,07,7.0,0,2,1,1,1,2
RO25EA1,2,F,N,107.0,63.0,True,08,7.0,0,2,2,0,0,2
RO25EA1,1,T,W,45.0,36.0,True,09,6.0,0,2,3,0,0,2
RO25EA1,4,T,N,45.0,34.0,False,10,5.0,1,2,0,0,0,2
RO25EA1,4,T,S,56.0,32.0,False,11,4.0,1,3,1,1,0,2
RO25EA1,4,T,S,80.0,39.0,False,12,4.0,1,4,2,1,0,2
RO25EA1,5,T,N,31.0,15.0,False,13,5.0,1,5,3,1,0,2
RO25EA1,5,T,N,58.0,31.0,True,14,5.0,0,6,1,1,1,3
RO25EA1,3,F,S,60.0,39.0,True,15,6.0,0,6,2,0,0,3
RO25EA1,6,F,N,137.0,62.0,True,16,6.0,0,6,3,0,0,3
RO25EA1,6,T,N,38.0,25.0,False,17,4.0,1,6,0,0,0,3
RO25EA1,4,F,N,124.0,67.0,False,18,6.0,1,7,1,1,0,3
RO25EA1,2,F,W,136.0,89.0,True,19,7.0,0,8,1,1,1,4
RO25EA1,6,T,S,59.0,35.0,False,20,4.0,1,8,0,0,0,4
RO25EA1,5,T,W,33.0,19.0,False,21,4.0,1,9,1,1,0,4
RO25EA1,6,F,S,98.0,49.0,False,22,6.0,1,10,2,1,0,4
RO25EA1,2,T,W,130.0,108.0,True,23,6.0,0,11,1,1,1,5
RO25EA1,4,T,N,130.0,61.0,True,24,6.0,0,11,2,0,0,5
RO25EA1,4,F,W,106.0,101.0,True,25,7.0,0,11,3,0,0,5
RO25EA1,1,F,S,63.0,54.0,True,26,5.0,0,11,4,0,0,5
RO25EA1,2,T,N,102.0,106.0,True,27,6.0,0,11,5,0,0,5
RO25EA1,2,F,S,118.0,80.0,True,28,5.0,0,11,6,0,0,5
RO25EA1,5,F,S,53.0,25.0,False,29,4.0,1,11,0,0,0,5
RO25EA1,5,T,W,36.0,37.0,False,30,4.0,1,12,1,1,0,5
RO25EA1,6,T,W,67.0,40.0,False,31,5.0,1,13,2,1,0,5
RO25EA1,6,T,W,37.0,32.0,False,32,4.0,1,14,3,1,0,5
RO25EA1,6,F,W,94.0,56.0,False,33,6.0,1,15,4,1,0,5
RO25EA1,6,T,N,38.0,18.0,False,34,5.0,1,16,5,1,0,5
RO25EA1,3,T,N,59.0,29.0,True,35,6.0,0,17,1,1,1,6
RO25EA1,6,F,S,127.0,77.0,True,36,6.0,0,17,2,0,0,6
RO25EA1,4,F,S,116.0,84.0,True,37,5.0,0,17,3,0,0,6
RO25EA1,3,F,W,69.0,45.0,True,38,6.0,0,17,4,0,0,6
RO25EA1,5,F,W,67.0,55.0,True,39,7.0,0,17,5,0,0,6
RO25EA1,4,T,S,57.0,53.0,False,40,3.0,1,17,0,0,0,6
RO25EA1,6,T,S,42.0,36.0,False,41,4.0,1,18,1,1,0,6
RO25EA1,5,T,S,21.0,16.0,False,42,1.0,1,19,2,1,0,6
RO25EA1,5,T,W,19.0,15.0,False,43,5.0,1,20,3,1,0,6
RO25EA1,6,T,W,35.0,24.0,False,44,3.0,1,21,4,1,0,6
RO25EA1,5,F,S,50.0,27.0,False,45,5.0,1,22,5,1,0,6
RO25EA1,6,T,N,59.0,48.0,False,46,5.0,1,23,6,1,0,6
RO25EA1,5,F,N,74.0,52.0,True,47,7.0,0,24,1,1,1,7
RO25EA1,6,T,S,74.0,45.0,False,48,5.0,1,24,0,0,0,7
RO25EA1,4,T,W,130.0,99.0,True,49,6.0,0,25,1,1,1,8
RO25EA1,6,F,W,37.0,37.0,False,50,6.0,1,25,0,0,0,8
RO25EA1,6,F,W,33.0,18.0,False,51,6.0,1,26,1,1,0,8
RO25EA1,3,T,S,29.0,29.0,False,52,5.0,1,27,2,1,0,8
RO25EA1,4,F,N,58.0,56.0,False,53,5.0,1,28,3,1,0,8
RO25EA1,5,T,S,20.0,17.0,False,54,3.0,1,29,4,1,0,8
RO25EA1,3,T,S,57.0,62.0,True,55,6.0,0,30,1,1,1,9
RO25EA1,5,F,S,59.0,38.0,True,56,7.0,0,30,2,0,0,9
RO25EA1,5,T,S,23.0,20.0,False,57,2.0,1,30,0,0,0,9
RO25EA1,4,F,N,125.0,101.0,True,58,7.0,0,31,1,1,1,10
RO25EA1,3,F,N,59.0,52.0,True,59,7.0,0,31,2,0,0,10
TE26EI1,1,F,W,68.0,23.0,True,00,7.0,0,0,3,0,0,0
TE26EI1,2,F,N,121.0,29.0,True,01,7.0,0,0,4,0,0,0
TE26EI1,5,F,W,72.0,21.0,True,02,6.0,0,0,5,0,0,0
TE26EI1,2,T,S,125.0,39.0,True,03,6.0,0,0,6,0,0,0
TE26EI1,1,T,S,60.0,11.0,True,04,7.0,0,0,7,0,0,0
TE26EI1,6,T,N,46.0,22.0,False,05,3.0,1,0,0,0,0,0
TE26EI1,4,T,W,82.0,31.0,False,06,4.0,1,1,1,1,0,0
TE26EI1,2,F,W,108.0,18.0,True,07,7.0,0,2,1,1,1,1
TE26EI1,3,T,N,58.0,27.0,True,08,7.0,0,2,2,0,0,1
TE26EI1,5,F,N,67.0,31.0,True,09,7.0,0,2,3,0,0,1
TE26EI1,6,F,N,136.0,28.0,True,10,7.0,0,2,4,0,0,1
TE26EI1,6,F,W,134.0,31.0,False,11,6.0,1,2,0,0,0,1
TE26EI1,5,T,S,28.0,11.0,False,12,3.0,1,3,1,1,0,1
TE26EI1,1,F,N,63.0,33.0,True,13,7.0,0,4,1,1,1,2
TE26EI1,5,T,W,29.0,15.0,False,14,3.0,1,4,0,0,0,2
TE26EI1,3,T,W,71.0,14.0,True,15,7.0,0,5,1,1,1,3
TE26EI1,2,T,W,122.0,26.0,True,16,7.0,0,5,2,0,0,3
TE26EI1,1,T,N,59.0,11.0,True,17,7.0,0,5,3,0,0,3
TE26EI1,4,T,N,122.0,21.0,True,18,6.0,0,5,4,0,0,3
TE26EI1,6,T,N,89.0,33.0,False,19,5.0,1,5,0,0,0,3
TE26EI1,6,F,S,92.0,19.0,False,20,6.0,1,6,1,1,0,3
TE26EI1,6,T,N,63.0,20.0,False,21,4.0,1,7,2,1,0,3
TE26EI1,6,F,W,130.0,19.0,True,22,7.0,0,8,1,1,1,4
TE26EI1,6,T,W,117.0,26.0,True,23,6.0,0,8,2,0,0,4
TE26EI1,3,F,S,61.0,19.0,True,24,7.0,0,8,3,0,0,4
TE26EI1,5,T,W,13.0,7.0,False,25,3.0,1,8,0,0,0,4
TE26EI1,4,T,S,124.0,25.0,True,26,6.0,0,9,1,1,1,5
TE26EI1,2,F,S,107.0,25.0,True,27,7.0,0,9,2,0,0,5
TE26EI1,6,T,S,122.0,29.0,True,28,6.0,0,9,3,0,0,5
TE26EI1,2,T,N,120.0,22.0,True,29,7.0,0,9,4,0,0,5
TE26EI1,4,F,W,130.0,32.0,False,30,6.0,1,9,0,0,0,5
TE26EI1,1,T,W,59.0,20.0,True,31,7.0,0,10,1,1,1,6
TE26EI1,5,T,S,58.0,14.0,True,32,6.0,0,10,2,0,0,6
TE26EI1,5,F,S,61.0,31.0,True,33,7.0,0,10,3,0,0,6
TE26EI1,5,T,W,55.0,28.0,False,34,3.0,1,10,0,0,0,6
TE26EI1,4,T,W,111.0,24.0,True,35,7.0,0,11,1,1,1,7
TE26EI1,3,F,N,56.0,14.0,True,36,7.0,0,11,2,0,0,7
TE26EI1,6,F,S,133.0,29.0,True,37,7.0,0,11,3,0,0,7
TE26EI1,4,F,W,127.0,29.0,True,38,7.0,0,11,4,0,0,7
TE26EI1,4,F,S,117.0,23.0,False,39,6.0,1,11,0,0,0,7
TE26EI1,4,F,N,120.0,25.0,True,40,7.0,0,12,1,1,1,8
TE26EI1,1,F,S,64.0,11.0,True,41,7.0,0,12,2,0,0,8
TE26EI1,4,F,S,130.0,28.0,True,42,7.0,0,12,3,0,0,8
TE26EI1,5,T,N,22.0,10.0,False,43,3.0,1,12,0,0,0,8
TE26EI1,5,T,N,63.0,9.0,True,44,6.0,0,13,1,1,1,9
TE26EI1,3,T,S,60.0,17.0,True,45,7.0,0,13,2,0,0,9
TE26EI1,3,F,W,66.0,18.0,True,46,7.0,0,13,3,0,0,9
UD06AD,1,T,N,81.0,53.0,True,00,7.0,0,0,4,0,0,0
UD06AD,3,T,S,49.0,30.0,False,01,2.0,1,0,0,0,0,0
UD06AD,2,T,W,176.0,90.0,True,02,5.0,0,1,1,1,1,1
UD06AD,2,F,S,150.0,101.0,True,03,7.0,0,1,2,0,0,1
UD06AD,6,F,N,172.0,77.0,True,04,6.0,0,1,3,0,0,1
UD06AD,2,T,N,146.0,88.0,True,05,7.0,0,1,4,0,0,1
UD06AD,4,T,S,132.0,60.0,True,06,5.0,0,1,5,0,0,1
UD06AD,6,T,S,105.0,34.0,False,07,4.0,1,1,0,0,0,1
UD06AD,3,F,S,73.0,41.0,True,08,1.0,0,2,1,1,1,2
UD06AD,2,F,N,120.0,74.0,True,09,1.0,0,2,2,0,0,2
UD06AD,2,F,W,139.0,73.0,True,10,7.0,0,2,3,0,0,2
UD06AD,1,F,N,66.0,32.0,True,11,7.0,0,2,4,0,0,2
UD06AD,6,F,W,139.0,62.0,True,12,7.0,0,2,5,0,0,2
UD06AD,1,T,S,69.0,34.0,True,13,7.0,0,2,6,0,0,2
UD06AD,5,T,N,31.0,29.0,False,14,2.0,1,2,0,0,0,2
UD06AD,1,F,W,68.0,35.0,True,15,7.0,0,3,1,1,1,3
UD06AD,4,T,N,136.0,54.0,True,16,6.0,0,3,2,0,0,3
UD06AD,6,T,W,40.0,34.0,False,17,3.0,1,3,0,0,0,3
UD06AD,1,F,S,58.0,39.0,True,18,1.0,0,4,1,1,1,4
UD06AD,6,T,N,47.0,29.0,False,19,1.0,1,4,0,0,0,4
UD06AD,3,F,N,70.0,50.0,True,20,7.0,0,5,1,1,1,5
UD06AD,3,T,N,62.0,25.0,True,21,7.0,0,5,2,0,0,5
UD06AD,5,T,W,35.0,7.0,False,22,2.0,1,5,0,0,0,5
UD06AD,3,T,S,55.0,28.0,True,23,7.0,0,6,1,1,1,6
UD06AD,4,T,W,127.0,58.0,True,24,5.0,0,6,2,0,0,6
UD06AD,1,T,W,58.0,30.0,True,25,7.0,0,6,3,0,0,6
UD06AD,3,F,W,62.0,25.0,True,26,7.0,0,6,4,0,0,6
UD06AD,5,T,W,27.0,9.0,False,27,2.0,1,6,0,0,0,6
UD06AD,4,F,S,133.0,73.0,True,28,6.0,0,7,1,1,1,7
UD06AD,5,T,S,28.0,10.0,False,29,1.0,1,7,0,0,0,7
UD06AD,6,T,W,35.0,15.0,False,30,1.0,1,8,1,1,0,7
UD06AD,6,T,N,112.0,45.0,False,31,4.0,1,9,2,1,0,7
UD06AD,4,F,N,129.0,64.0,True,32,6.0,0,10,1,1,1,8
UD06AD,5,T,S,34.0,11.0,False,33,2.0,1,10,0,0,0,8
UD06AD,6,T,W,138.0,61.0,True,34,6.0,0,11,1,1,1,9
UD06AD,5,F,W,63.0,38.0,True,35,7.0,0,11,2,0,0,9
UD06AD,5,T,W,25.0,9.0,False,36,2.0,1,11,0,0,0,9
UD06AD,3,T,W,64.0,27.0,True,37,7.0,0,12,1,1,1,10
UD06AD,5,F,S,53.0,23.0,False,38,3.0,1,12,0,0,0,10
UD06AD,6,T,N,71.0,43.0,False,39,4.0,1,13,1,1,0,10
UD06AD,5,T,S,26.0,20.0,False,40,2.0,1,14,2,1,0,10
UD06AD,5,T,N,30.0,18.0,False,41,2.0,1,15,3,1,0,10
UD06AD,5,T,N,25.0,13.0,False,42,2.0,1,16,4,1,0,10
UD06AD,5,F,S,51.0,23.0,False,43,4.0,1,17,5,1,0,10
UD06AD,6,F,S,119.0,49.0,True,44,6.0,0,18,1,1,1,11
UD06AD,5,F,N,65.0,40.0,True,45,7.0,0,18,2,0,0,11
UD06AD,4,F,W,125.0,48.0,True,46,7.0,0,18,3,0,0,11
UD06AD,6,T,S,27.0,16.0,False,47,4.0,1,18,0,0,0,11
UD06AD,2,T,S,106.0,48.0,True,48,7.0,0,19,1,1,1,12
UD06AD,5,F,S,62.0,37.0,True,49,6.0,0,19,2,0,0,12
UD06AD,6,T,S,32.0,15.0,False,50,3.0,1,19,0,0,0,12
VE21IR1,4,T,S,59.0,12.0,False,00,3.0,1,0,1,1,0,0
VE21IR1,3,F,N,60.0,15.0,True,01,7.0,0,1,1,1,1,1
VE21IR1,2,T,W,118.0,19.0,True,02,7.0,0,1,2,0,0,1
VE21IR1,6,T,S,37.0,18.0,False,03,7.0,1,1,0,0,0,1
VE21IR1,4,F,S,116.0,22.0,False,04,7.0,1,2,1,1,0,1
VE21IR1,5,F,S,53.0,17.0,True,05,7.0,0,3,1,1,1,2
VE21IR1,4,T,W,78.0,12.0,False,06,7.0,1,3,0,0,0,2
VE21IR1,3,T,W,32.0,9.0,False,07,7.0,1,4,1,1,0,2
VE21IR1,5,T,N,58.0,26.0,False,08,6.0,1,5,2,1,0,2
VE21IR1,4,T,S,66.0,15.0,False,09,7.0,1,6,3,1,0,2
VE21IR1,2,F,S,128.0,36.0,True,10,7.0,0,7,1,1,1,3
VE21IR1,2,T,S,116.0,21.0,True,11,7.0,0,7,2,0,0,3
VE21IR1,1,T,W,56.0,10.0,True,12,7.0,0,7,3,0,0,3
VE21IR1,2,F,N,125.0,30.0,True,13,7.0,0,7,4,0,0,3
VE21IR1,4,T,S,53.0,12.0,False,14,7.0,1,7,0,0,0,3
VE21IR1,4,F,S,121.0,12.0,True,15,7.0,0,8,1,1,1,4
VE21IR1,6,F,S,87.0,32.0,False,16,5.0,1,8,0,0,0,4
VE21IR1,6,F,N,118.0,26.0,True,17,7.0,0,9,1,1,1,5
VE21IR1,4,T,W,52.0,17.0,False,18,7.0,1,9,0,0,0,5
VE21IR1,2,F,W,123.0,33.0,True,19,7.0,0,10,1,1,1,6
VE21IR1,5,T,W,31.0,14.0,False,20,7.0,1,10,0,0,0,6
VE21IR1,1,T,N,56.0,10.0,True,21,7.0,0,11,1,1,1,7
VE21IR1,3,F,W,55.0,13.0,True,22,7.0,0,11,2,0,0,7
VE21IR1,5,T,S,21.0,17.0,False,23,7.0,1,11,0,0,0,7
VE21IR1,4,T,W,108.0,21.0,True,24,7.0,0,12,1,1,1,8
VE21IR1,3,T,S,49.0,10.0,True,25,5.0,0,12,2,0,0,8
VE21IR1,4,F,N,134.0,39.0,True,26,7.0,0,12,3,0,0,8
VE21IR1,1,F,N,59.0,13.0,True,27,7.0,0,12,4,0,0,8
VE21IR1,3,T,N,61.0,17.0,True,28,7.0,0,12,5,0,0,8
VE21IR1,1,T,S,59.0,26.0,True,29,7.0,0,12,6,0,0,8
VE21IR1,3,F,S,56.0,8.0,True,30,7.0,0,12,7,0,0,8
VE21IR1,6,F,W,118.0,17.0,True,31,7.0,0,12,8,0,0,8
VE21IR1,5,T,N,51.0,7.0,True,32,7.0,0,12,9,0,0,8
VE21IR1,6,F,S,50.0,8.0,False,33,7.0,1,12,0,0,0,8
VE21IR1,5,F,N,52.0,5.0,True,34,7.0,0,13,1,1,1,9
VE21IR1,2,T,N,118.0,21.0,True,35,7.0,0,13,2,0,0,9
VE21IR1,1,F,S,50.0,21.0,True,36,6.0,0,13,3,0,0,9
VE21IR1,6,T,S,40.0,12.0,False,37,7.0,1,13,0,0,0,9
VE21IR1,6,T,W,81.0,19.0,False,38,7.0,1,14,1,1,0,9
VE21IR1,6,T,S,48.0,22.0,False,39,7.0,1,15,2,1,0,9
VE21IR1,4,T,N,128.0,13.0,True,40,7.0,0,16,1,1,1,10
VE21IR1,5,F,W,65.0,6.0,True,41,7.0,0,16,2,0,0,10
VE21IR1,6,F,S,115.0,7.0,True,42,7.0,0,16,3,0,0,10
VE21IR1,5,T,S,24.0,9.0,False,43,7.0,1,16,0,0,0,10
VE21IR1,6,T,W,114.0,9.0,True,44,7.0,0,17,1,1,1,11
VE21IR1,3,T,W,51.0,14.0,True,45,7.0,0,17,2,0,0,11
VE21IR1,6,T,N,113.0,8.0,True,46,7.0,0,17,3,0,0,11
VE21IR1,1,F,W,54.0,22.0,True,47,7.0,0,17,4,0,0,11
VE21IR1,5,T,W,20.0,7.0,False,48,7.0,1,17,0,0,0,11
VE21IR1,4,F,W,117.0,17.0,True,49,7.0,0,18,1,1,1,12
VE21IR1,5,T,W,26.0,8.0,False,50,7.0,1,18,0,0,0,12
VE21IR1,5,T,S,27.0,11.0,False,51,7.0,1,19,1,1,0,12
ZC12VE,4,F,N,122.0,78.0,True,00,6.0,0,0,1,1,1,1
ZC12VE,1,F,W,65.0,44.0,True,01,7.0,0,0,2,0,0,1
ZC12VE,6,F,S,37.0,28.0,False,02,1.0,1,0,0,0,0,1
ZC12VE,3,F,S,61.0,39.0,True,03,7.0,0,1,1,1,1,2
ZC12VE,6,T,W,18.0,21.0,False,04,1.0,1,1,0,0,0,2
ZC12VE,1,T,N,61.0,39.0,True,05,5.0,0,2,1,1,1,3
ZC12VE,5,F,W,56.0,46.0,True,06,5.0,0,2,2,0,0,3
ZC12VE,1,T,W,56.0,40.0,True,07,6.0,0,2,3,0,0,3
ZC12VE,6,T,S,33.0,28.0,False,08,1.0,1,2,0,0,0,3
ZC12VE,4,T,N,128.0,88.0,True,09,4.0,0,3,1,1,1,4
ZC12VE,5,F,S,30.0,28.0,False,10,1.0,1,3,0,0,0,4
ZC12VE,2,T,W,110.0,82.0,True,11,6.0,0,4,1,1,1,5
ZC12VE,2,F,N,117.0,75.0,True,12,7.0,0,4,2,0,0,5
ZC12VE,3,T,W,20.0,25.0,False,13,2.0,1,4,0,0,0,5
ZC12VE,1,T,S,50.0,44.0,True,14,5.0,0,5,1,1,1,6
ZC12VE,3,T,W,48.0,37.0,True,15,6.0,0,5,2,0,0,6
ZC12VE,3,F,W,53.0,34.0,True,16,7.0,0,5,3,0,0,6
ZC12VE,3,F,N,55.0,40.0,True,17,7.0,0,5,4,0,0,6
ZC12VE,3,T,N,66.0,88.0,True,18,6.0,0,5,5,0,0,6
ZC12VE,2,F,S,103.0,93.0,True,19,7.0,0,5,6,0,0,6
ZC12VE,5,T,W,29.0,21.0,False,20,1.0,1,5,0,0,0,6
ZC12VE,6,F,S,30.0,23.0,False,21,3.0,1,6,1,1,0,6
ZC12VE,5,T,N,33.0,18.0,False,22,1.0,1,7,2,1,0,6
ZC12VE,2,T,S,111.0,72.0,True,23,6.0,0,8,1,1,1,7
ZC12VE,4,F,S,119.0,57.0,True,24,7.0,0,8,2,0,0,7
ZC12VE,4,F,W,116.0,60.0,True,25,7.0,0,8,3,0,0,7
ZC12VE,2,T,N,112.0,73.0,True,26,6.0,0,8,4,0,0,7
ZC12VE,1,F,S,46.0,31.0,True,27,7.0,0,8,5,0,0,7
ZC12VE,4,T,S,50.0,29.0,False,28,2.0,1,8,0,0,0,7
ZC12VE,5,F,N,51.0,30.0,True,29,6.0,0,9,1,1,1,8
ZC12VE,4,T,W,70.0,43.0,False,30,3.0,1,9,0,0,0,8
ZC12VE,1,F,N,57.0,36.0,True,31,7.0,0,10,1,1,1,9
ZC12VE,5,F,S,32.0,26.0,False,32,3.0,1,10,0,0,0,9
ZC12VE,6,T,W,36.0,13.0,False,33,1.0,1,11,1,1,0,9
ZC12VE,5,T,N,26.0,13.0,False,34,1.0,1,12,2,1,0,9
ZC12VE,6,T,N,43.0,27.0,False,35,1.0,1,13,3,1,0,9
ZC12VE,5,T,N,44.0,16.0,False,36,2.0,1,14,4,1,0,9
ZC12VE,6,F,N,117.0,78.0,True,37,6.0,0,15,1,1,1,10
ZC12VE,6,T,N,77.0,32.0,False,38,2.0,1,15,0,0,0,10
ZC12VE,6,T,N,30.0,18.0,False,39,3.0,1,16,1,1,0,10
ZC12VE,5,F,S,54.0,34.0,True,40,7.0,0,17,1,1,1,11
ZC12VE,4,T,W,109.0,56.0,True,41,5.0,0,17,2,0,0,11
ZC12VE,5,T,W,18.0,27.0,False,42,3.0,1,17,0,0,0,11
ZC12VE,5,T,S,20.0,22.0,False,43,1.0,1,18,1,1,0,11
ZC12VE,6,T,W,27.0,13.0,False,44,1.0,1,19,2,1,0,11
ZC12VE,2,F,W,113.0,52.0,True,45,7.0,0,20,1,1,1,12
ZC12VE,6,T,S,25.0,19.0,False,46,2.0,1,20,0,0,0,12
ZC12VE,5,T,W,17.0,11.0,False,47,1.0,1,21,1,1,0,12
ZC12VE,6,T,S,27.0,27.0,False,48,1.0,1,22,2,1,0,12
ZC12VE,6,F,S,70.0,37.0,False,49,6.0,1,23,3,1,0,12
ZC12VE,6,F,W,79.0,45.0,False,50,5.0,1,24,4,1,0,12
ZC12VE,6,F,W,103.0,47.0,True,51,7.0,0,25,1,1,1,13
ZC12VE,3,T,S,52.0,43.0,True,52,7.0,0,25,2,0,0,13
ZC12VE,4,T,S,61.0,32.0,False,53,3.0,1,25,0,0,0,13
ZC12VE,4,T,S,109.0,72.0,True,54,6.0,0,26,1,1,1,14
ZC12VE,5,T,S,28.0,26.0,False,55,3.0,1,26,0,0,0,14
ZC12VE,5,T,S,21.0,14.0,False,56,1.0,1,27,1,1,0,14
